date,vehicles passing,Latitude,Longitude,Vehicle Volume By Each Direction of Traffic
01-01-2019,8600,41.887904,-87.771064,East Bound: 3800 / West Bound: 4800
01-02-2019,3500,41.756542,-87.617335,East Bound: 27800 / West Bound: 25700
01-03-2019,5700,41.792663,-87.582231,East Bound: 400 / West Bound: 300
01-04-2019,4200,41.849302,-87.622658,East Bound: 2300 / West Bound: 1900
01-05-2019,6900,41.659177,-87.552112,East Bound: 3400 / West Bound: 3500
01-06-2019,5600,41.885023,-87.675556,North Bound: 7500 / South Bound: 8100
01-07-2019,6700,41.992042,-87.714036,North Bound: 13100 / South Bound: 13600
01-08-2019,9300,41.974889,-87.669587,North Bound: 8800 / South Bound: 10500
01-09-2019,2300,41.777072,-87.62526,North Bound: 17700 / South Bound: 14600
01-10-2019,6600,41.890186,-87.632548,East Bound: 8600 / West Bound: 8000
01-11-2019,3400,41.930851,-87.797915,North Bound: 15700 / South Bound: 17700
01-12-2019,1700,41.955361,-87.669076,North Bound: 5300 / South Bound: 5400
1/13/2019,1500,41.892668,-87.71135,North Bound: 11600 / South Bound: 9900
1/14/2019,2500,41.773922,-87.673756,North Bound: 1100 / South Bound: 1400
1/15/2019,1800,41.729262,-87.541841,North Bound: 17400 / South Bound: 14400
1/16/2019,5000,41.700823,-87.642645,North Bound: 14200 / South Bound: 10800
1/17/2019,8000,41.788454,-87.606097,East Bound: 5800 / West Bound: 5200
1/18/2019,3500,41.822852,-87.691118,North Bound: 7600 / South Bound: 5900
1/19/2019,8100,41.771775,-87.644579,East Bound: 9700 / West Bound: 8400
1/20/2019,5600,41.89675,-87.623095,East Bound: 7900 / West Bound: 7700
1/21/2019,3000,41.764348,-87.70478,North Bound: 1500 / South Bound: 1500
1/22/2019,7000,41.810689,-87.596855,East Bound: 17000 / / Oneway East Bound 
1/23/2019,3600,41.883192,-87.638103,East Bound: 11800 / West Bound: 11800
1/24/2019,8700,41.946193,-87.741344,North Bound: 10200 / South Bound: 8500
1/25/2019,5000,41.919237,-87.648548,North Bound: 3400 / South Bound: 1600
1/26/2019,3000,41.766933,-87.610456,North Bound: 6700 / South Bound: 6300
1/27/2019,1300,41.963061,-87.679019,East Bound: 11300 / / Oneway East Bound 
1/28/2019,3800,41.878111,-87.634405,East Bound: 16800 / West Bound: 17000
1/29/2019,9200,41.794244,-87.648908,East Bound: 9800 / West Bound: 9400
1/30/2019,9000,41.939715,-87.667324,East Bound: 19000 / / Oneway East Bound 
1/31/2019,9100,41.883162,-87.644644,North Bound: 4400 / South Bound: 4700
02-01-2019,2600,41.852621,-87.715027,North Bound: 9600 / South Bound: 11000
02-02-2019,3200,41.889649,-87.755407,East Bound: 5100 / West Bound: 8100
02-03-2019,6100,41.881177,-87.6854,East Bound: 3200 / West Bound: 2900
02-04-2019,9500,41.815858,-87.666235,East Bound: 9500 / / Oneway East Bound
02-05-2019,4600,41.883107,-87.649602,East Bound: 6900 / West Bound: 7700
02-06-2019,4900,41.764877,-87.666635,North Bound: 10800 / South Bound: 11100
02-07-2019,7700,41.994184,-87.748337,East Bound: 37700 / / Oneway East Bound 
02-08-2019,4200,41.892388,-87.634088,North Bound: 13100 / South Bound: 11100
02-09-2019,6500,41.780314,-87.703172,South Bound: 16500/ Oneway South Bound 
02-10-2019,6300,41.897747,-87.631275,North Bound: 12800 / South Bound: 13500
02-11-2019,3600,41.757724,-87.663608,North Bound: 15800 / South Bound: 14800
02-12-2019,1500,41.815505,-87.701939,West Bound: 10500/ Oneway West Bound 
2/13/2019,8300,41.876846,-87.633902,North Bound: 3600 / South Bound: 4700
2/14/2019,3700,41.70242,-87.628153,East Bound: 7100 / West Bound: 6600
2/15/2019,7600,41.722709,-87.55587,East Bound: 12400 / West Bound: 15200
2/16/2019,3700,41.9753,-87.750239,West Bound: 11700/ Oneway West Bound
2/17/2019,9000,41.879284,-87.641796,East Bound: 5300 / West Bound: 3700
2/18/2019,8200,41.744086,-87.595315,East Bound: 3500 / West Bound: 4700
2/19/2019,7900,41.699096,-87.6777,East Bound: 21300 / West Bound: 16600
2/20/2019,6600,41.924462,-87.728691,East Bound: 8200 / West Bound: 8400
2/21/2019,4600,41.838445,-87.615498,North Bound: 7600 / South Bound: 7000
2/22/2019,4200,41.918295,-87.689798,East Bound: 12800 / West Bound: 10400
2/23/2019,5500,41.851522,-87.726497,North Bound: 10500 / South Bound: 11000
2/24/2019,4500,41.877446,-87.676545,North Bound: 20300 / South Bound: 20200
2/25/2019,6100,41.761813,-87.683164,North Bound: 10500 / South Bound: 12600
2/26/2019,4300,41.893306,-87.628117,North Bound: 5200 / South Bound: 5100
2/27/2019,5700,41.895238,-87.716306,North Bound: 5100 / South Bound: 5600
2/28/2019,5300,41.753377,-87.653813,North Bound: 2600 / South Bound: 2700
03-01-2019,5400,41.828474,-87.65091,North Bound: 9300 / South Bound: 11100
03-02-2019,4700,41.784837,-87.625446,South Bound: 20700/ Oneway South Bound 
03-03-2019,8800,41.889469,-87.631064,East Bound: 4400 / West Bound: 4400
03-04-2019,3800,41.874199,-87.665037,North Bound: 15900 / South Bound: 14900
03-05-2019,9200,41.836927,-87.695017,South Bound: 9200/ Oneway South Bound 
03-06-2019,8600,41.88133,-87.626189,East Bound: 3600 / West Bound: 5000
03-07-2019,2200,41.76626,-87.574226,North Bound: 6100 / South Bound: 6100
03-08-2019,2000,41.92195,-87.712021,North Bound: 10400 / South Bound: 9600
03-09-2019,2800,41.723931,-87.614195,East Bound: 11500 / West Bound: 12300
03-10-2019,2100,41.968273,-87.724989,North Bound: 10300 / South Bound: 9800
03-11-2019,8800,41.79459,-87.684058,East Bound: 4000 / West Bound: 4800
03-12-2019,3400,41.802072,-87.618178,North Bound: 21100 / South Bound: 18300
3/13/2019,2700,41.813049,-87.665083,North Bound: 10700 / South Bound: 12000
3/14/2019,2700,41.900144,-87.765583,North Bound: 11900 / South Bound: 12800
3/15/2019,2000,41.767951,-87.576347,East Bound: 11600 / West Bound: 10400
3/16/2019,2600,41.961009,-87.722889,East Bound: 12300 / West Bound: 11300
3/17/2019,1600,41.808006,-87.712716,North Bound: 6300 / South Bound: 6300
3/18/2019,7800,41.88602,-87.711158,East Bound: 4300 / West Bound: 3500
3/19/2019,1900,41.822739,-87.696963,North Bound: 5900 / South Bound: 6000
3/20/2019,9700,41.940634,-87.697862,East Bound: 5000 / West Bound: 4700
3/21/2019,2900,41.802322,-87.600681,East Bound: 12400 / West Bound: 11500
3/22/2019,5300,41.930915,-87.792906,North Bound: 2300 / South Bound: 3000
3/23/2019,9000,41.855898,-87.661264,North Bound: 3700 / South Bound: 5300
3/24/2019,2600,41.933649,-87.717233,North Bound: 12500 / South Bound: 9100
3/25/2019,1700,41.866034,-87.624114,East Bound: 9300 / West Bound: 8400
3/26/2019,1600,41.931846,-87.722476,North Bound: 10300 / South Bound: 9300
3/27/2019,1800,41.742807,-87.614706,North Bound: 5600 / South Bound: 5200
3/28/2019,4500,41.820171,-87.606798,East Bound: 4500 / / Oneway East Bound
3/29/2019,2800,41.882362,-87.668041,East Bound: 11000 / West Bound: 10800
3/30/2019,2700,41.931174,-87.77358,East Bound: 11700 / West Bound: 10000
3/31/2019,4200,41.919484,-87.769758,North Bound: 5100 / South Bound: 8100
04-01-2019,5300,41.839562,-87.623493,East Bound: 9800 / West Bound: 10500
04-02-2019,3600,41.758139,-87.630684,East Bound: 11100 / West Bound: 11500
04-03-2019,7300,41.69184,-87.676796,North Bound: 13700 / South Bound: 13600
04-04-2019,5800,41.75174,-87.605221,East Bound: 5600 / West Bound: 5200
04-05-2019,6600,41.779519,-87.661134,South Bound: 11600/ Oneway South Bound
04-06-2019,8600,41.878904,-87.641098,East Bound: 3800 / West Bound: 4800
04-07-2019,7200,41.751887,-87.554734,North Bound: 14000 / South Bound: 13200
04-08-2019,5700,41.944085,-87.766693,North Bound: 11100 / South Bound: 12600
04-09-2019,6400,41.931002,-87.785687,East Bound: 3300 / West Bound: 3100
04-10-2019,7600,41.994513,-87.663898,East Bound: 13000 / West Bound: 14600
04-11-2019,5200,41.896397,-87.647745,South Bound: 12200/ Oneway South Bound 
04-12-2019,5400,41.886932,-87.633964,East Bound: 4200 / West Bound: 6200
4/13/2019,7600,41.939787,-87.837966,East Bound: 6400 / West Bound: 4200
4/14/2019,7300,41.88673,-87.623929,South Bound: 7300/ Oneway South Bound
4/15/2019,8800,41.885696,-87.644242,West Bound: 18800/ Oneway West Bound 
4/16/2019,7700,41.891671,-87.628113,East Bound: 10300 / West Bound: 10400
4/17/2019,9900,41.968951,-87.66443,South Bound: 9900/ Oneway South Bound 
4/18/2019,2100,41.881401,-87.633811,North Bound: 11200 / South Bound: 10900
4/19/2019,2100,41.879204,-87.701155,East Bound: 9700 / West Bound: 10400
4/20/2019,8000,41.876773,-87.671635,East Bound: 3600 / West Bound: 4400
4/21/2019,11400,41.69994,-87.618575,East Bound: 7800 / West Bound: 7600
4/22/2019,10000,41.756101,-87.642566,East Bound: 3700 / West Bound: 4300
4/23/2019,13100,41.722773,-87.550305,North Bound: 17300 / South Bound: 15800
4/24/2019,12300,41.972841,-87.689047,North Bound: 9400 / South Bound: 8900
4/25/2019,6600,41.975916,-87.787866,East Bound: 13600 / West Bound: 15000
4/26/2019,11600,41.952742,-87.799221,East Bound: 16000 / West Bound: 15600
4/27/2019,1800,41.735844,-87.659417,East Bound: 13700 / West Bound: 13100
4/28/2019,11500,41.866958,-87.659,East Bound: 20200 / West Bound: 19300
4/29/2019,6300,41.910014,-87.713878,East Bound: 3500 / West Bound: 2800
4/30/2019,12000,41.69183,-87.531879,North Bound: 13100 / South Bound: 11900
05-01-2019,12100,41.974157,-87.659809,East Bound: 14900 / West Bound: 14200
05-02-2019,12000,41.721409,-87.647429,North Bound: 18700 / South Bound: 18300
05-03-2019,4900,41.87138,-87.620556,North Bound: 2400 / South Bound: 2500
05-04-2019,10800,41.876342,-87.636323,North Bound: 5500 / South Bound: 5300
05-05-2019,4400,41.778562,-87.781296,North Bound: 4400 / / Oneway North Bound
05-06-2019,12400,41.787779,-87.620665,East Bound: 14800 / West Bound: 14600
05-07-2019,11000,41.735341,-87.693452,North Bound: 12900 / South Bound: 11100
05-08-2019,11800,41.851171,-87.675811,East Bound: 21200 / West Bound: 21600
05-09-2019,7100,41.990126,-87.750526,East Bound: 3900 / West Bound: 3200
05-10-2019,7000,42.00544,-87.666635,North Bound: 3200 / South Bound: 3800
05-11-2019,11800,41.827625,-87.675208,East Bound: 8000 / West Bound: 8800
05-12-2019,11800,41.787212,-87.634206,East Bound: 10100 / West Bound: 9700
5/13/2019,11100,41.947109,-87.661464,North Bound: 16400 / South Bound: 16700
5/14/2019,6900,41.873905,-87.624218,East Bound: 2500 / West Bound: 4400
5/15/2019,11400,41.845391,-87.641581,East Bound: 7600 / West Bound: 5800
5/16/2019,2400,41.786166,-87.584966,North Bound: 1700 / South Bound: 700
5/17/2019,12800,41.855226,-87.619095,North Bound: 12200 / South Bound: 13600
5/18/2019,11000,41.82387,-87.675108,East Bound: 8300 / West Bound: 9700
5/19/2019,7400,41.771406,-87.720493,North Bound: 3500 / South Bound: 3900
5/20/2019,11900,41.7504,-87.5528,North Bound: 25800 / South Bound: 22100
5/21/2019,10400,41.778752,-87.585085,North Bound: 2500 / South Bound: 7900
5/22/2019,10900,41.888062,-87.626842,North Bound: 5900 / South Bound: 5000
5/23/2019,11500,41.803741,-87.674569,North Bound: 17200 / South Bound: 16300
5/24/2019,11100,41.876241,-87.624273,North Bound: 13900 / South Bound: 16200
5/25/2019,6500,41.878842,-87.620705,East Bound: 3400 / West Bound: 3100
5/26/2019,4700,41.78747,-87.619044,East Bound: 2500 / West Bound: 2200
5/27/2019,11100,41.651861,-87.54501,North Bound: 10700 / South Bound: 7400
5/28/2019,12800,41.849344,-87.618459,North Bound: 12200 / South Bound: 11600
5/29/2019,12400,41.875691,-87.725497,North Bound: 12000 / South Bound: 12400
5/30/2019,12100,41.982351,-87.693821,North Bound: 9800 / South Bound: 9300
5/31/2019,12800,41.775779,-87.605826,North Bound: 8600 / South Bound: 10200
06-01-2019,11900,41.852795,-87.699117,East Bound: 17200 / West Bound: 15700
06-02-2019,11700,41.721324,-87.653942,North Bound: 6200 / South Bound: 8500
06-03-2019,12400,41.946355,-87.646666,East Bound: 5300 / West Bound: 7100
06-04-2019,11900,41.881522,-87.66285,North Bound: 18800 / South Bound: 21100
06-05-2019,12900,41.919517,-87.746187,North Bound: 17900 / / Oneway North Bound 
06-06-2019,11500,41.878484,-87.629312,North Bound: 14900 / South Bound: 14600
06-07-2019,11100,41.872427,-87.686197,North Bound: 46300 / South Bound: 34800
06-08-2019,12400,41.764923,-87.585887,North Bound: 8500 / South Bound: 8900
06-09-2019,12900,41.92573,-87.707248,North Bound: 6100 / South Bound: 12800
06-10-2019,11200,41.949054,-87.643703,North Bound: 8500 / South Bound: 7700
06-11-2019,12100,41.920893,-87.785358,North Bound: 7100 / South Bound: 7000
06-12-2019,12000,41.960186,-87.68299,North Bound: 7400 / South Bound: 6600
6/13/2019,13000,41.716726,-87.604408,South Bound: 13000/ Oneway South Bound 
6/14/2019,11900,41.876698,-87.630742,North Bound: 12700 / South Bound: 13200
6/15/2019,11600,41.972925,-87.747914,North Bound: 32800 / South Bound: 28800
6/16/2019,3200,41.745515,-87.585819,East Bound: 1400 / West Bound: 1800
6/17/2019,12900,41.818962,-87.645802,North Bound: 12800 / South Bound: 13300
6/18/2019,11300,41.868169,-87.774229,North Bound: 16100 / South Bound: 14200
6/19/2019,13600,41.682968,-87.642082,North Bound: 12500 / South Bound: 11100
6/20/2019,11100,41.665826,-87.641508,North Bound: 10000 / South Bound: 9100
6/21/2019,11500,41.764998,-87.60436,West Bound: 18500/ Oneway West Bound 
6/22/2019,13200,41.884466,-87.634637,North Bound: 15600 / South Bound: 16600
6/23/2019,9500,41.827315,-87.684942,East Bound: 5000 / West Bound: 4500
6/24/2019,13600,41.857903,-87.659605,North Bound: 11300 / South Bound: 12300
6/25/2019,17600,41.678624,-87.680741,East Bound: 8900 / West Bound: 8700
6/26/2019,13300,41.878356,-87.618837,East Bound: 20600 / West Bound: 12700
6/27/2019,11300,41.749936,-87.695059,East Bound: 9100 / West Bound: 8200
6/28/2019,11200,41.975664,-87.78048,North Bound: 10100 / South Bound: 9100
6/29/2019,11300,41.938823,-87.678334,North Bound: 12500 / South Bound: 11800
6/30/2019,12600,41.794916,-87.703597,North Bound: 17000 / South Bound: 17600
07-01-2019,13800,41.976829,-87.689187,East Bound: 11900 / West Bound: 11900
07-02-2019,11900,41.939398,-87.696701,North Bound: 10800 / South Bound: 11100
07-03-2019,11000,41.851922,-87.646473,East Bound: 11500 / West Bound: 10500
07-04-2019,11300,41.722153,-87.597339,North Bound: 7700 / South Bound: 7600
07-05-2019,12600,41.854926,-87.67592,North Bound: 9200 / South Bound: 8400
07-06-2019,2200,41.836075,-87.646231,North Bound: 2200 / South Bound: 600
07-07-2019,11600,41.87559,-87.633082,East Bound: 11600 / West Bound: 14000
07-08-2019,12300,41.976144,-87.671622,North Bound: 7300 / South Bound: 7000
07-09-2019,13300,41.970273,-87.708529,North Bound: 11200 / South Bound: 13100
07-10-2019,14300,41.761454,-87.576196,East Bound: 6900 / West Bound: 7400
07-11-2019,12000,41.838197,-87.634579,North Bound: 12700 / South Bound: 10300
07-12-2019,13800,41.861478,-87.630255,North Bound: 9600 / South Bound: 9200
7/13/2019,13700,41.946811,-87.796043,East Bound: 12100 / West Bound: 11600
7/14/2019,12600,41.903168,-87.678437,East Bound: 15300 / West Bound: 16300
7/15/2019,12100,41.867145,-87.647525,East Bound: 7600 / West Bound: 6500
7/16/2019,12600,41.838279,-87.628571,East Bound: 18100 / West Bound: 20500
7/17/2019,12400,41.910066,-87.710829,West Bound: 18400/ Oneway West Bound 
7/18/2019,12800,41.893244,-87.630017,North Bound: 28400 / South Bound: 28400
7/19/2019,15000,41.746457,-87.741218,North Bound: 23100 / South Bound: 19900
7/20/2019,18000,41.782388,-87.584573,East Bound: 3700 / West Bound: 4300
7/21/2019,10200,41.755721,-87.671249,East Bound: 5300 / West Bound: 4900
7/22/2019,17800,41.830303,-87.682868,East Bound: 3700 / West Bound: 4100
7/23/2019,11100,41.84566,-87.622137,East Bound: 5400 / West Bound: 5700
7/24/2019,18100,41.944804,-87.834785,South Bound: 8100/ Oneway South Bound
7/25/2019,18900,41.834369,-87.623323,East Bound: 5100 / West Bound: 3800
7/26/2019,14800,41.872155,-87.633321,North Bound: 5200 / South Bound: 6600
7/27/2019,15400,41.853553,-87.633392,East Bound: 12200 / West Bound: 13200
7/28/2019,13700,41.792767,-87.76029,East Bound: 7500 / West Bound: 6200
7/29/2019,16900,41.852078,-87.682174,North Bound: 13800 / South Bound: 13100
7/30/2019,19900,41.886928,-87.632484,North Bound: 10000 / South Bound: 9900
7/31/2019,11100,41.838419,-87.617465,North Bound: 5400 / South Bound: 5700
08-01-2019,15700,41.76448,-87.6541,East Bound: 7900 / West Bound: 7800
08-02-2019,13100,41.90103,-87.713491,North Bound: 20600 / South Bound: 22500
08-03-2019,17500,41.987636,-87.666618,East Bound: 7600 / West Bound: 9900
08-04-2019,11400,41.979107,-87.797633,East Bound: 5100 / West Bound: 6300
08-05-2019,19900,41.751849,-87.557322,East Bound: 9300 / West Bound: 10600
08-06-2019,12200,41.677257,-87.680696,North Bound: 9700 / South Bound: 12500
08-07-2019,19400,41.929097,-87.775895,East Bound: 9600 / West Bound: 9800
08-08-2019,19500,41.736694,-87.601489,North Bound: 10300 / South Bound: 9200
08-09-2019,12900,41.933425,-87.649035,East Bound: 1500 / West Bound: 1400
08-10-2019,17400,41.859094,-87.704686,West Bound: 17400/ Oneway West Bound 
08-11-2019,11600,41.881836,-87.642708,East Bound: 21500 / West Bound: 20100
08-12-2019,15600,41.792242,-87.78702,North Bound: 10400 / South Bound: 5200
8/13/2019,11700,41.875514,-87.639626,East Bound: 10400 / West Bound: 11300
8/14/2019,18030,41.932463,-87.664643,North Bound: 15400 / South Bound: 16700
8/15/2019,12600,41.947751,-87.668879,North Bound: 1100 / South Bound: 1500
8/16/2019,17500,41.829325,-87.655686,North Bound: 8800 / South Bound: 8700
8/17/2019,11700,41.998732,-87.763298,East Bound: 5900 / West Bound: 5800
8/18/2019,13000,41.78671,-87.66752,North Bound: 9500 / South Bound: 10500
8/19/2019,11300,41.92398,-87.765989,East Bound: 5800 / West Bound: 5500
8/20/2019,11600,41.779574,-87.657079,North Bound: 16600 / South Bound: 15000
8/21/2019,16300,41.988587,-87.704352,North Bound: 8800 / South Bound: 7500
8/22/2019,18100,41.731171,-87.647028,East Bound: 9100 / West Bound: 9000
8/23/2019,13500,41.808578,-87.667723,North Bound: 22600 / South Bound: 20900
8/24/2019,18200,41.71675,-87.585043,West Bound: 8200/ Oneway West Bound
8/25/2019,16900,41.882781,-87.707473,North Bound: 2300 / South Bound: 4600
8/26/2019,10700,41.828474,-87.65091,North Bound: 4600 / South Bound: 6100
8/27/2019,18400,41.871785,-87.715588,East Bound: 9000 / West Bound: 9400
8/28/2019,15200,41.890693,-87.684779,North Bound: 86200 / South Bound: 79000
8/29/2019,11700,41.860562,-87.617934,North Bound: 11600 / South Bound: 10100
8/30/2019,14900,41.859508,-87.724975,North Bound: 21200 / South Bound: 22700
8/31/2019,18300,41.955399,-87.836687,North Bound: 19800 / South Bound: 18500
09-01-2019,12000,41.861874,-87.666256,North Bound: 11300 / South Bound: 10700
09-02-2019,11700,41.702738,-87.701224,East Bound: 10800 / West Bound: 10900
09-03-2019,1100,41.865714,-87.759312,East Bound: 4600 / West Bound: 4500
09-04-2019,12800,41.699831,-87.626661,East Bound: 32800 / / Oneway East Bound 
09-05-2019,13200,41.892439,-87.630272,North Bound: 11500 / South Bound: 11700
09-06-2019,16700,41.933229,-87.806554,North Bound: 8000 / South Bound: 8700
09-07-2019,11900,41.914612,-87.677552,East Bound: 6800 / West Bound: 5100
09-08-2019,17700,41.896787,-87.620252,North Bound: 19200 / South Bound: 18500
09-09-2019,10500,41.939209,-87.836148,North Bound: 15800 / South Bound: 14700
09-10-2019,18900,41.89604,-87.667289,East Bound: 14000 / West Bound: 14900
09-11-2019,10300,41.968013,-87.748871,East Bound: 4700 / West Bound: 5600
09-12-2019,19200,41.773376,-87.582603,North Bound: 14600 / South Bound: 14600
9/13/2019,14200,41.774091,-87.57604,East Bound: 7600 / West Bound: 6600
9/14/2019,19400,41.851933,-87.693114,South Bound: 9400/ Oneway South Bound 
9/15/2019,15400,41.89337,-87.634114,East Bound: 7800 / West Bound: 7600
9/16/2019,12500,41.823602,-87.634859,East Bound: 15800 / West Bound: 16700
9/17/2019,18100,41.736141,-87.642399,North Bound: 3600 / South Bound: 4500
9/18/2019,12700,41.718658,-87.620521,North Bound: 11300 / South Bound: 11400
9/19/2019,18100,41.970016,-87.787986,North Bound: 7900 / South Bound: 10200
9/20/2019,18200,41.931324,-87.711125,South Bound: 8200/ Oneway South Bound 
9/21/2019,14500,41.88535,-87.626269,North Bound: 2000 / South Bound: 2500
9/22/2019,18100,41.891012,-87.644365,East Bound: 3900 / West Bound: 4200
9/23/2019,10100,41.857869,-87.624476,East Bound: 4900 / West Bound: 5200
9/24/2019,16500,41.759597,-87.653971,East Bound: 3300 / West Bound: 3200
9/25/2019,10400,41.872939,-87.755447,East Bound: 15200 / West Bound: 15200
9/26/2019,18800,41.924726,-87.705876,North Bound: 2800 / South Bound: 6000
9/27/2019,14000,41.890636,-87.626681,East Bound: 22900 / West Bound: 21100
9/28/2019,19000,41.990529,-87.687864,East Bound: 8400 / West Bound: 10600
9/29/2019,11000,41.891218,-87.645288,East Bound: 5400 / West Bound: 5600
9/30/2019,10100,41.713352,-87.558074,West Bound: 20100/ Oneway West Bound 
10-01-2019,13700,41.891676,-87.627665,East Bound: 12000 / West Bound: 11700
10-02-2019,16300,41.808295,-87.693288,North Bound: 13600 / South Bound: 12700
10-03-2019,12800,41.745469,-87.663314,East Bound: 7300 / West Bound: 5500
10-04-2019,11100,41.713772,-87.54362,North Bound: 5100 / South Bound: 6000
10-05-2019,15800,41.892395,-87.64944,North Bound: 14300 / South Bound: 11500
10-06-2019,14900,41.869119,-87.630476,East Bound: 16500 / West Bound: 18400
10-07-2019,15938,41.909705,-87.739646,North Bound: 4500 / South Bound: 3100
10-08-2019,17300,41.891097,-87.716199,North Bound: 14100 / South Bound: 13200
10-09-2019,19600,41.756743,-87.683025,East Bound: 4400 / West Bound: 5200
10-10-2019,13700,41.801293,-87.667538,East Bound: 13700 / / Oneway East Bound
10-11-2019,16100,41.885747,-87.628288,East Bound: 17600 / West Bound: 18500
10-12-2019,16500,41.722445,-87.577141,East Bound: 7800 / West Bound: 8700
10/13/2019,19100,41.765008,-87.657067,East Bound: 9800 / West Bound: 9300
10/14/2019,10200,41.779187,-87.688569,West Bound: 10200/ Oneway West Bound 
10/15/2019,12300,41.876771,-87.639623,East Bound: 5200 / West Bound: 7100
10/16/2019,17200,41.852812,-87.637573,East Bound: 8400 / West Bound: 8800
10/17/2019,13800,41.917017,-87.73874,East Bound: 13800 / / Oneway East Bound 
10/18/2019,14200,41.880547,-87.642755,West Bound: 14200/ Oneway West Bound
10/19/2019,14800,41.891595,-87.633278,North Bound: 2600 / South Bound: 2200
10/20/2019,14500,41.866652,-87.64217,North Bound: 2300 / South Bound: 2200
10/21/2019,15900,41.853156,-87.631785,North Bound: 2700 / South Bound: 3200
10/22/2019,10600,41.77126,-87.659138,East Bound: 4800 / West Bound: 5800
10/23/2019,14700,41.874122,-87.670619,North Bound: 7600 / South Bound: 7100
10/24/2019,12900,41.878077,-87.636914,East Bound: 1600 / West Bound: 1300
10/25/2019,13000,41.785874,-87.606038,North Bound: 6700 / South Bound: 6300
10/26/2019,19600,41.735654,-87.543033,East Bound: 4000 / West Bound: 5600
10/27/2019,18300,41.831199,-87.613631,East Bound: 20300 / West Bound: 18000
10/28/2019,10000,41.990343,-87.71242,North Bound: 5000 / South Bound: 5000
10/29/2019,16800,41.739836,-87.551476,East Bound: 7300 / West Bound: 9500
10/30/2019,19100,41.961538,-87.673156,East Bound: 4200 / West Bound: 4900
10/31/2019,17900,41.80222,-87.608065,South Bound: 7900/ Oneway South Bound
11-01-2019,19800,41.796652,-87.622518,East Bound: 4100 / West Bound: 5700
11-02-2019,10800,41.877113,-87.77081,North Bound: 15000 / South Bound: 15800
11-03-2019,17700,41.730457,-87.682356,East Bound: 8800 / West Bound: 8900
11-04-2019,16300,41.837394,-87.696,East Bound: 8300 / West Bound: 8000
11-05-2019,13300,41.881907,-87.724652,East Bound: 12100 / West Bound: 11200
11-06-2019,13000,41.793061,-87.739172,North Bound: 6500 / South Bound: 6500
11-07-2019,17400,41.915365,-87.794984,North Bound: 3100 / South Bound: 4300
11-08-2019,18300,41.797123,-87.583995,North Bound: 16900 / South Bound: 21400
11-09-2019,17400,41.964867,-87.688793,South Bound: 7400/ Oneway South Bound 
11-10-2019,14400,41.893693,-87.626772,North Bound: 12600 / South Bound: 11800
11-11-2019,14100,41.724079,-87.604556,East Bound: 12800 / West Bound: 11300
11-12-2019,11200,41.937984,-87.811297,North Bound: 21100 / South Bound: 20100
11/13/2019,13500,42.00351,-87.660816,North Bound: 11800 / South Bound: 11700
11/14/2019,14200,41.781444,-87.664267,North Bound: 2300 / South Bound: 1900
11/15/2019,15300,41.863965,-87.661484,East Bound: 7100 / West Bound: 8200
11/16/2019,13300,41.737064,-87.575072,East Bound: 11200 / West Bound: 12100
11/17/2019,14800,41.823185,-87.662505,East Bound: 7300 / West Bound: 7500
11/18/2019,11600,41.844102,-87.735004,East Bound: 11100 / West Bound: 10500
11/19/2019,10800,41.931117,-87.777627,East Bound: 4600 / West Bound: 6200
11/20/2019,18500,41.882191,-87.768235,East Bound: 4300 / West Bound: 4200
11/21/2019,19900,41.85774,-87.632821,North Bound: 9500 / South Bound: 10400
11/22/2019,13700,41.880815,-87.666819,North Bound: 16800 / South Bound: 16900
11/23/2019,16700,41.878378,-87.745201,North Bound: 8800 / South Bound: 7900
11/24/2019,10500,41.760683,-87.644298,North Bound: 11900 / South Bound: 8600
11/25/2019,18400,41.796139,-87.62574,North Bound: 9800 / South Bound: 8600
11/26/2019,16500,41.923889,-87.70229,North Bound: 25400 / South Bound: 21100
11/27/2019,18800,41.881365,-87.624349,North Bound: 9700 / South Bound: 9100
11/28/2019,19600,41.982967,-87.768342,North Bound: 10000 / South Bound: 9600
11/29/2019,19900,41.907466,-87.726445,East Bound: 4700 / West Bound: 5200
11/30/2019,16800,41.766026,-87.58112,East Bound: 4100 / West Bound: 2700
12-01-2019,16200,41.710698,-87.632871,North Bound: 3500 / South Bound: 2700
12-02-2019,16200,41.737236,-87.644725,East Bound: 14100 / West Bound: 12100
12-03-2019,10600,41.95443,-87.658524,North Bound: 5400 / South Bound: 5200
12-04-2019,14100,41.908631,-87.736272,North Bound: 11100 / South Bound: 13000
12-05-2019,10900,41.761077,-87.629988,East Bound: 10400 / West Bound: 10500
12-06-2019,18700,41.939866,-87.657012,East Bound: 9200 / West Bound: 9500
12-07-2019,16200,41.90393,-87.629506,East Bound: 12700 / West Bound: 13500
12-08-2019,16100,41.857111,-87.707844,North Bound: 13100 / South Bound: 13000
12-09-2019,19000,42.013794,-87.806611,North Bound: 9000 / South Bound: 10000
12-10-2019,11700,41.892362,-87.647604,East Bound: 5700 / West Bound: 6000
12-11-2019,12500,41.6853,-87.624481,North Bound: 12500 / South Bound: 10000
12-12-2019,11400,41.859365,-87.623968,North Bound: 15300 / South Bound: 16100
12/13/2019,18700,41.8702,-87.676347,South Bound: 18700/ Oneway South Bound 
12/14/2019,17500,41.886935,-87.631008,North Bound: 6400 / South Bound: 1100
12/15/2019,18200,41.876222,-87.623366,East Bound: 14400 / West Bound: 13800
12/16/2019,15200,41.793546,-87.612405,North Bound: 2100 / South Bound: 3100
12/17/2019,13100,41.859146,-87.660062,East Bound: 5700 / West Bound: 7400
12/18/2019,13000,41.88529,-87.722446,East Bound: 11700 / West Bound: 11300
12/19/2019,11600,41.931576,-87.743265,North Bound: 52400 / South Bound: 59200
12/20/2019,11600,41.799972,-87.581471,North Bound: 10500 / South Bound: 11100
12/21/2019,14030,41.796495,-87.587413,North Bound: 5600 / South Bound: 6700
12/22/2019,11300,41.757363,-87.673336,North Bound: 4900 / South Bound: 3400
12/23/2019,14300,41.863938,-87.622471,East Bound: 16200 / West Bound: 18100
12/24/2019,13900,41.721244,-87.660284,North Bound: 11400 / South Bound: 12500
12/25/2019,19200,41.932562,-87.727001,East Bound: 10500 / West Bound: 8700
12/26/2019,19200,41.750722,-87.638461,East Bound: 8900 / West Bound: 10300
12/27/2019,14000,41.923538,-87.802753,North Bound: 7900 / South Bound: 6100
12/28/2019,15200,41.795427,-87.674346,East Bound: 18200 / West Bound: 17000
12/29/2019,12400,41.985494,-87.657453,East Bound: 4500 / West Bound: 7900
12/30/2019,12500,41.873213,-87.620591,North Bound: 12500 / / Oneway North Bound
12/31/2019,10100,41.757046,-87.624736,East Bound: 10100 / / Oneway East Bound 
01-01-2020,18700,41.878174,-87.628405,East Bound: 11000 / West Bound: 7700
01-02-2020,10600,41.706991,-87.63698,East Bound: 4900 / West Bound: 5700
01-03-2020,14100,41.928267,-87.716068,North Bound: 14100 / / Oneway North Bound 
01-04-2020,14700,41.884893,-87.629469,North Bound: 2500 / South Bound: 2200
01-05-2020,14300,41.963669,-87.649966,East Bound: 14300 / / Oneway East Bound 
01-06-2020,14200,41.883215,-87.628926,East Bound: 7400 / West Bound: 6800
01-07-2020,11700,41.774978,-87.6042,North Bound: 10600 / South Bound: 11100
01-08-2020,14800,41.944582,-87.776451,North Bound: 8000 / South Bound: 6800
01-09-2020,15300,41.850395,-87.67579,North Bound: 2700 / South Bound: 2600
01-10-2020,12100,41.713044,-87.668914,East Bound: 6100 / West Bound: 6000
01-11-2020,13900,41.74303,-87.666333,East Bound: 12300 / West Bound: 11600
01-12-2020,16300,41.957636,-87.799463,North Bound: 8800 / South Bound: 7500
1/13/2020,16700,41.872254,-87.705864,North Bound: 7900 / South Bound: 8800
1/14/2020,17100,41.754187,-87.615027,West Bound: 17100/ Oneway West Bound 
1/15/2020,12600,41.881895,-87.638745,North Bound: 12500 / South Bound: 10100
1/16/2020,14400,41.869893,-87.630511,North Bound: 7200 / South Bound: 7200
1/17/2020,16500,41.920951,-87.642481,East Bound: 6500 / / Oneway East Bound
1/18/2020,15200,41.882102,-87.685013,East Bound: 7800 / West Bound: 7400
1/19/2020,18000,41.830382,-87.67602,East Bound: 8900 / West Bound: 9100
1/20/2020,19600,41.917263,-87.71828,North Bound: 4400 / South Bound: 5200
1/21/2020,19700,41.837654,-87.734096,East Bound: 4200 / West Bound: 5500
1/22/2020,18600,41.916857,-87.752046,West Bound: 8600/ Oneway West Bound 
1/23/2020,13400,41.877853,-87.652996,East Bound: 6600 / West Bound: 6800
1/24/2020,18800,41.786465,-87.690066,East Bound: 14300 / West Bound: 14500
1/25/2020,13100,41.793839,-87.681286,North Bound: 1400 / South Bound: 1700
1/26/2020,13100,41.674552,-87.627366,North Bound: 13500 / South Bound: 9600
1/27/2020,11500,41.863436,-87.62733,North Bound: 15800 / South Bound: 15700
1/28/2020,13900,41.955093,-87.747349,East Bound: 16800 / West Bound: 17100
1/29/2020,15300,41.910184,-87.700364,East Bound: 12500 / West Bound: 12800
1/30/2020,12000,41.938878,-87.743194,East Bound: 15900 / West Bound: 16100
1/31/2020,13400,41.749569,-87.721913,North Bound: 5900 / South Bound: 7500
02-01-2020,1200,41.865313,-87.646862,South Bound: 1200/ Oneway South Bound 
02-02-2020,19900,41.759562,-87.638479,North Bound: 9800 / South Bound: 10100
02-03-2020,15000,42.000958,-87.774562,North Bound: 7800 / South Bound: 7200
02-04-2020,19300,41.904483,-87.640587,North Bound: 10700 / South Bound: 8600
02-05-2020,20500,41.911129,-87.72637,East Bound: 10200 / West Bound: 10300
02-06-2020,25900,41.850584,-87.726087,North Bound: 8200 / South Bound: 7700
02-07-2020,23800,41.942383,-87.756806,East Bound: 7700 / West Bound: 6100
02-08-2020,22400,41.918245,-87.644208,East Bound: 6000 / West Bound: 6400
02-09-2020,21500,41.82387,-87.614241,West Bound: 3500/ Oneway West Bound 
02-10-2020,21500,41.87878,-87.674129,North Bound: 11500 / / Oneway North Bound 
02-11-2020,23293,41.874957,-87.629219,East Bound: 8300 / West Bound: 8600
02-12-2020,24900,41.706811,-87.654128,East Bound: 7000 / West Bound: 7900
2/13/2020,24200,41.838156,-87.689438,North Bound: 4200 / / Oneway North Bound 
2/14/2020,25500,41.782759,-87.620541,East Bound: 8100 / West Bound: 7400
2/15/2020,22000,41.684228,-87.702778,West Bound: 6000/ Oneway West Bound
2/16/2020,21000,41.88422,-87.658216,East Bound: 10900 / West Bound: 10100
2/17/2020,23700,41.706956,-87.639881,North Bound: 9800 / South Bound: 13900
2/18/2020,23400,41.751171,-87.673157,West Bound: 13400/ Oneway West Bound 
2/19/2020,25100,41.893383,-87.621457,North Bound: 3200 / South Bound: 1900
2/20/2020,23300,41.857335,-87.710287,East Bound: 6600 / West Bound: 6700
2/21/2020,25200,41.877093,-87.725018,East Bound: 13300 / West Bound: 11900
2/22/2020,27800,42.011663,-87.808726,North Bound: 19600 / South Bound: 18200
2/23/2020,20800,41.867512,-87.620401,East Bound: 5100 / West Bound: 5700
2/24/2020,22700,41.779917,-87.634498,East Bound: 16500 / West Bound: 16200
2/25/2020,21300,41.903778,-87.639261,East Bound: 19200 / West Bound: 22100
2/26/2020,28200,41.867266,-87.638052,East Bound: 4100 / West Bound: 4100
2/27/2020,26900,41.837927,-87.655,East Bound: 18400 / West Bound: 18500
2/28/2020,21000,41.749395,-87.724323,East Bound: 9700 / West Bound: 11300
2/29/2020,24500,41.968422,-87.711419,East Bound: 7700 / West Bound: 6800
03-01-2020,21100,41.96912,-87.652496,North Bound: 11400 / South Bound: 9700
03-02-2020,28300,41.878472,-87.754997,North Bound: 8300 / / Oneway North Bound
03-03-2020,22800,41.8848,-87.642746,North Bound: 15300 / South Bound: 17500
03-04-2020,22600,41.831089,-87.704652,North Bound: 12600 / / Oneway North Bound
03-05-2020,22500,41.886855,-87.635441,North Bound: 6600 / South Bound: 5900
03-06-2020,25500,41.921651,-87.736467,North Bound: 17900 / South Bound: 17600
03-07-2020,20900,41.796974,-87.664663,North Bound: 22100 / South Bound: 18800
03-08-2020,21600,41.834721,-87.665668,East Bound: 4600 / / Oneway East Bound
03-09-2020,21900,41.885784,-87.622306,North Bound: 5700 / South Bound: 6200
03-10-2020,29000,41.712817,-87.659031,North Bound: 22400 / South Bound: 16600
03-11-2020,23900,41.879529,-87.624351,North Bound: 17400 / South Bound: 16500
03-12-2020,26400,41.876083,-87.686271,West Bound: 16400/ Oneway West Bound 
3/13/2020,28600,41.891791,-87.62091,East Bound: 4300 / West Bound: 4300
3/14/2020,22100,41.756982,-87.582699,North Bound: 15700 / South Bound: 16400
3/15/2020,23294,41.940366,-87.688076,North Bound: 17400 / South Bound: 17300
3/16/2020,22400,41.80691,-87.703942,North Bound: 12700 / South Bound: 9700
3/17/2020,20500,41.859198,-87.627233,North Bound: 14200 / South Bound: 16300
3/18/2020,28200,41.813362,-87.705427,North Bound: 11500 / South Bound: 6700
3/19/2020,24800,41.888071,-87.624601,North Bound: 2700 / South Bound: 2100
3/20/2020,25300,42.004104,-87.670556,North Bound: 8100 / South Bound: 7200
3/21/2020,27900,41.852403,-87.635761,East Bound: 21300 / West Bound: 16600
3/22/2020,29000,41.924043,-87.761108,North Bound: 4000 / South Bound: 5000
3/23/2020,21500,41.718183,-87.551016,North Bound: 22400 / South Bound: 19100
3/24/2020,20400,41.856527,-87.685756,East Bound: 16400 / West Bound: 14000
3/25/2020,26300,41.721813,-87.618662,North Bound: 8300 / South Bound: 8000
3/26/2020,26200,41.908546,-87.677409,North Bound: 8000 / South Bound: 8200
3/27/2020,28200,41.65732,-87.557177,North Bound: 8900 / South Bound: 9300
3/28/2020,23700,41.797367,-87.587322,East Bound: 12700 / West Bound: 11000
3/29/2020,27800,41.750277,-87.669454,North Bound: 4100 / South Bound: 3700
3/30/2020,25600,41.680056,-87.622723,East Bound: 7800 / West Bound: 7800
3/31/2020,28600,41.744106,-87.593706,North Bound: 4400 / South Bound: 4200
04-01-2020,28000,41.934004,-87.663612,East Bound: 8700 / West Bound: 9300
04-02-2020,26500,41.779224,-87.680473,East Bound: 23600 / West Bound: 22900
04-03-2020,28500,41.953695,-87.724462,North Bound: 20700 / South Bound: 17800
04-04-2020,22200,41.947548,-87.747128,East Bound: 4700 / West Bound: 7500
04-05-2020,20900,41.742583,-87.696869,East Bound: 10400 / West Bound: 10500
04-06-2020,27800,41.910585,-87.669739,North Bound: 9600 / South Bound: 8200
04-07-2020,26300,41.962199,-87.73154,South Bound: 6300/ Oneway South Bound
04-08-2020,22500,41.878908,-87.644032,North Bound: 5700 / South Bound: 6800
04-09-2020,26100,41.879533,-87.715851,North Bound: 8600 / South Bound: 7500
04-10-2020,28000,41.918317,-87.697223,North Bound: 8800 / South Bound: 9200
04-11-2020,26700,41.698034,-87.65927,North Bound: 2500 / South Bound: 4200
04-12-2020,29600,41.693059,-87.671533,East Bound: 9700 / West Bound: 9900
4/13/2020,21900,41.890846,-87.675563,East Bound: 4100 / West Bound: 4800
4/14/2020,23900,41.787305,-87.628708,East Bound: 11200 / West Bound: 12700
4/15/2020,27600,41.866196,-87.723436,East Bound: 3900 / West Bound: 3700
4/16/2020,26000,41.816788,-87.608238,East Bound: 2700 / West Bound: 3300
4/17/2020,22100,41.877521,-87.688801,East Bound: 10300 / West Bound: 11800
4/18/2020,22100,41.847901,-87.677408,East Bound: 11300 / West Bound: 10800
4/19/2020,27900,41.903698,-87.644273,North Bound: 24300 / South Bound: 23600
4/20/2020,26100,41.724124,-87.585159,East Bound: 8100 / West Bound: 8000
4/21/2020,21100,41.838196,-87.634756,North Bound: 4000 / South Bound: 4100
4/22/2020,28600,41.801676,-87.59669,East Bound: 3800 / West Bound: 4800
4/23/2020,23400,41.898376,-87.773856,North Bound: 11300 / South Bound: 12100
4/24/2020,22300,41.831501,-87.67584,North Bound: 27500 / South Bound: 24800
4/25/2020,27900,41.779583,-87.722787,East Bound: 4000 / West Bound: 3900
4/26/2020,24500,41.699481,-87.656564,North Bound: 11900 / South Bound: 12600
4/27/2020,28600,41.973067,-87.728161,East Bound: 11100 / West Bound: 7500
4/28/2020,20200,41.707125,-87.626548,East Bound: 10000 / West Bound: 10200
4/29/2020,22000,41.976427,-87.652889,North Bound: 2000 / / Oneway North Bound
4/30/2020,27300,41.693283,-87.661875,North Bound: 9100 / South Bound: 8200
05-01-2020,21200,41.929133,-87.674504,South Bound: 21200/ Oneway South Bound 
05-02-2020,29900,41.89363,-87.631177,East Bound: 13700 / West Bound: 16200
05-03-2020,26600,41.886817,-87.630054,East Bound: 8100 / West Bound: 8500
05-04-2020,23600,41.902865,-87.703662,North Bound: 3700 / South Bound: 3900
05-05-2020,26500,42.013319,-87.680974,East Bound: 18400 / West Bound: 18100
05-06-2020,24700,41.909527,-87.753622,North Bound: 7700 / South Bound: 7000
05-07-2020,25700,41.976775,-87.708705,East Bound: 12200 / West Bound: 13500
05-08-2020,22600,41.663357,-87.628989,East Bound: 6700 / West Bound: 5900
05-09-2020,29700,41.684346,-87.695367,East Bound: 10500 / West Bound: 9200
05-10-2020,21400,41.891001,-87.66523,North Bound: 6600 / South Bound: 4800
05-11-2020,23700,41.711481,-87.619985,North Bound: 1100 / South Bound: 3600
05-12-2020,26000,41.934544,-87.636704,East Bound: 17100 / West Bound: 18900
5/13/2020,25800,41.908868,-87.804756,East Bound: 7400 / West Bound: 8400
5/14/2020,21700,41.881657,-87.65456,East Bound: 6100 / West Bound: 5600
5/15/2020,24300,41.838327,-87.624762,North Bound: 7600 / South Bound: 6700
5/16/2020,29700,41.770301,-87.654254,North Bound: 4300 / South Bound: 5400
5/17/2020,26700,41.746122,-87.552788,North Bound: 3400 / South Bound: 3300
5/18/2020,25700,41.813903,-87.655287,North Bound: 7200 / South Bound: 8500
5/19/2020,25600,41.777058,-87.761684,North Bound: 6700 / South Bound: 8900
5/20/2020,22600,41.87346,-87.647091,North Bound: 6000 / South Bound: 6600
5/21/2020,24900,41.94979,-87.658602,North Bound: 10100 / South Bound: 14800
5/22/2020,22500,41.932832,-87.785749,North Bound: 6300 / South Bound: 6200
5/23/2020,27200,41.97914,-87.655026,North Bound: 33600 / South Bound: 33600
5/24/2020,21800,41.814595,-87.743349,North Bound: 15400 / South Bound: 16400
5/25/2020,24200,41.999165,-87.806776,East Bound: 14100 / West Bound: 20100
5/26/2020,27300,41.888302,-87.623405,South Bound: 17300/ Oneway South Bound 
5/27/2020,24600,41.892773,-87.631157,East Bound: 6700 / West Bound: 7900
5/28/2020,28900,41.800719,-87.710993,East Bound: 9700 / West Bound: 9200
5/29/2020,23700,41.899615,-87.67336,North Bound: 7400 / South Bound: 6300
5/30/2020,20000,41.706017,-87.606829,East Bound: 4500 / West Bound: 5500
5/31/2020,25400,41.928333,-87.710574,East Bound: 7400 / West Bound: 8000
06-01-2020,22000,41.772283,-87.657646,North Bound: 700 / South Bound: 1300
06-02-2020,20700,41.875841,-87.629701,North Bound: 6400 / South Bound: 4300
06-03-2020,23800,41.896368,-87.620359,North Bound: 16500 / South Bound: 17300
06-04-2020,28800,41.73879,-87.721569,North Bound: 4300 / South Bound: 4500
06-05-2020,28900,41.886115,-87.71603,North Bound: 4500 / South Bound: 4400
06-06-2020,29300,41.693802,-87.613403,West Bound: 9300/ Oneway West Bound
06-07-2020,20900,41.884359,-87.650176,North Bound: 7000 / South Bound: 13900
06-08-2020,24900,41.894073,-87.656489,East Bound: 3300 / West Bound: 1600
06-09-2020,21100,41.877558,-87.685609,East Bound: 5500 / West Bound: 5600
06-10-2020,29500,41.899087,-87.718638,East Bound: 15200 / West Bound: 14300
06-11-2020,21200,41.735742,-87.666475,East Bound: 21100 / West Bound: 20100
06-12-2020,24000,41.954136,-87.680217,North Bound: 6500 / South Bound: 7500
6/13/2020,20900,41.966794,-87.846567,North Bound: 10300 / South Bound: 10600
6/14/2020,28500,41.78269,-87.605979,East Bound: 2100 / West Bound: 26400
6/15/2020,22400,41.728253,-87.550704,East Bound: 36200 / West Bound: 36200
6/16/2020,23200,41.875611,-87.630673,South Bound: 3200/ Oneway South Bound 
6/17/2020,23900,41.846135,-87.719725,South Bound: 9900/ Oneway South Bound 
6/18/2020,29000,41.876584,-87.633684,North Bound: 6000 / / Oneway North Bound
6/19/2020,29900,41.828022,-87.621694,East Bound: 15800 / West Bound: 14100
6/20/2020,22500,41.864394,-87.687068,East Bound: 5900 / West Bound: 6600
6/21/2020,26500,41.915566,-87.750173,South Bound: 16500/ Oneway South Bound 
6/22/2020,26000,41.879069,-87.630811,East Bound: 7500 / West Bound: 8500
6/23/2020,25000,41.94619,-87.822945,North Bound: 3200 / South Bound: 1800
6/24/2020,27300,41.720702,-87.536499,North Bound: 4400 / South Bound: 2900
6/25/2020,21300,41.713246,-87.623646,East Bound: 3700 / West Bound: 37600
6/26/2020,27000,41.72824,-87.552415,West Bound: 7000/ Oneway West Bound
6/27/2020,28900,41.815579,-87.692019,East Bound: 4500 / West Bound: 4400
6/28/2020,21200,41.816676,-87.614468,North Bound: 9700 / South Bound: 11500
6/29/2020,23900,41.75002,-87.634415,East Bound: 4300 / West Bound: 4600
6/30/2020,22400,41.801533,-87.648948,North Bound: 7000 / South Bound: 5400
07-01-2020,23100,41.696434,-87.54009,East Bound: 12500 / West Bound: 10600
07-02-2020,28200,41.938587,-87.765389,East Bound: 8800 / West Bound: 9400
07-03-2020,24000,41.765153,-87.647751,East Bound: 12200 / West Bound: 11800
07-04-2020,25200,41.851353,-87.738835,North Bound: 17800 / South Bound: 17400
07-05-2020,24300,41.869875,-87.744879,East Bound: 14300 / / Oneway East Bound 
07-06-2020,29900,41.878068,-87.637659,East Bound: 9500 / West Bound: 10400
07-07-2020,27600,41.852874,-87.627827,North Bound: 11600 / South Bound: 16000
07-08-2020,23300,41.96815,-87.760968,North Bound: 3100 / South Bound: 3200
07-09-2020,29400,41.675955,-87.622596,North Bound: 27100 / South Bound: 22300
07-10-2020,23500,41.986101,-87.836581,North Bound: 2500 / South Bound: 3000
07-11-2020,22200,41.773201,-87.659191,East Bound: 10500 / West Bound: 11700
07-12-2020,21000,41.779058,-87.697351,East Bound: 5600 / West Bound: 5400
7/13/2020,28000,41.874327,-87.646119,East Bound: 13600 / West Bound: 14400
7/14/2020,23900,41.910853,-87.652267,East Bound: 3800 / West Bound: 5100
7/15/2020,24400,41.98293,-87.77077,North Bound: 16800 / South Bound: 17600
7/16/2020,22100,41.885258,-87.686545,East Bound: 22300 / West Bound: 19800
7/17/2020,23900,41.954006,-87.689792,North Bound: 12400 / South Bound: 11500
7/18/2020,25900,41.898079,-87.726166,North Bound: 13100 / South Bound: 12800
7/19/2020,28300,41.763008,-87.576233,East Bound: 8200 / West Bound: 10100
7/20/2020,27700,41.866535,-87.693471,East Bound: 4300 / West Bound: 3400
7/21/2020,21200,41.884665,-87.685501,North Bound: 37700 / South Bound: 33500
7/22/2020,20500,41.794355,-87.742622,East Bound: 3000 / West Bound: 7500
7/23/2020,28700,41.87665,-87.648742,East Bound: 14200 / West Bound: 14500
7/24/2020,24400,41.663388,-87.618884,East Bound: 12900 / West Bound: 11500
7/25/2020,21200,41.938356,-87.783382,North Bound: 6600 / South Bound: 4600
7/26/2020,21100,41.853372,-87.622268,North Bound: 5600 / South Bound: 5500
7/27/2020,23700,41.825153,-87.607512,East Bound: 17100 / West Bound: 16600
7/28/2020,27400,42.011999,-87.785556,East Bound: 8700 / West Bound: 8700
7/29/2020,22200,41.902488,-87.73753,East Bound: 5500 / West Bound: 6700
7/30/2020,21400,41.685103,-87.640375,East Bound: 5500 / West Bound: 5900
7/31/2020,24200,41.899355,-87.689356,East Bound: 12800 / West Bound: 11400
08-01-2020,22300,41.938129,-87.797524,North Bound: 12400 / South Bound: 9900
08-02-2020,23100,41.923557,-87.80624,North Bound: 11200 / South Bound: 11900
08-03-2020,26800,41.897792,-87.647818,North Bound: 7000 / South Bound: 9800
08-04-2020,21000,41.938251,-87.72247,East Bound: 10500 / West Bound: 10500
08-05-2020,23800,41.91781,-87.674797,North Bound: 4700 / South Bound: 4100
08-06-2020,22400,41.972386,-87.654903,East Bound: 11200 / West Bound: 11200
08-07-2020,24600,41.932395,-87.669002,East Bound: 7800 / West Bound: 6800
08-08-2020,25600,41.764641,-87.686772,East Bound: 2600 / West Bound: 3000
08-09-2020,20700,41.786586,-87.611974,East Bound: 4800 / West Bound: 5900
08-10-2020,22700,41.830349,-87.678909,East Bound: 6300 / West Bound: 6400
08-11-2020,24400,41.965326,-87.662564,North Bound: 6800 / South Bound: 7600
08-12-2020,23000,41.871676,-87.656828,East Bound: 12600 / West Bound: 10400
8/13/2020,23500,41.659181,-87.568276,North Bound: 1900 / South Bound: 1600
8/14/2020,22100,41.876735,-87.628733,North Bound: 11700 / South Bound: 10400
8/15/2020,23284,41.940877,-87.649294,West Bound: 11200/ Oneway West Bound
8/16/2020,23900,41.879452,-87.628325,East Bound: 5900 / / Oneway East Bound
8/17/2020,27600,41.881848,-87.708484,North Bound: 12200 / South Bound: 15400
8/18/2020,28000,41.83206,-87.675321,West Bound: 18000/ Oneway West Bound 
8/19/2020,23500,41.884485,-87.628798,East Bound: 11000 / West Bound: 12500
8/20/2020,27700,41.778536,-87.73304,North Bound: 19800 / South Bound: 17900
8/21/2020,22700,41.701118,-87.681455,North Bound: 15500 / South Bound: 17200
8/22/2020,25100,41.988647,-87.806885,East Bound: 7800 / West Bound: 7300
8/23/2020,21800,41.743249,-87.651157,North Bound: 5600 / South Bound: 6200
8/24/2020,25500,41.795094,-87.615989,North Bound: 7800 / South Bound: 7700
8/25/2020,33900,41.726239,-87.614254,East Bound: 1900 / West Bound: 2000
8/26/2020,37600,41.71796,-87.632971,East Bound: 7200 / West Bound: 10400
8/27/2020,36700,41.758155,-87.629625,East Bound: 6400 / West Bound: 10300
8/28/2020,33700,41.852859,-87.633451,North Bound: 11300 / South Bound: 12400
8/29/2020,33500,41.77038,-87.576414,North Bound: 6900 / South Bound: 6600
8/30/2020,30700,41.950326,-87.698137,East Bound: 11300 / West Bound: 9400
8/31/2020,32700,41.75097,-87.623726,East Bound: 29900 / West Bound: 32800
09-01-2020,39500,41.875633,-87.628433,East Bound: 9500 / West Bound: 10000
09-02-2020,37300,41.823191,-87.662035,North Bound: 8600 / South Bound: 8700
09-03-2020,39500,41.766314,-87.565472,North Bound: 8800 / South Bound: 10700
09-04-2020,34100,41.859611,-87.734761,East Bound: 6700 / West Bound: 7400
09-05-2020,38400,41.737079,-87.574126,East Bound: 4500 / West Bound: 3900
09-06-2020,30500,41.844157,-87.731356,East Bound: 4200 / West Bound: 6300
09-07-2020,32400,41.873149,-87.624836,North Bound: 11100 / South Bound: 11300
09-08-2020,36100,41.734791,-87.604779,East Bound: 6600 / West Bound: 9500
09-09-2020,31700,41.886549,-87.744388,East Bound: 5900 / West Bound: 5800
09-10-2020,39700,41.758265,-87.622945,East Bound: 5400 / West Bound: 4300
09-11-2020,32800,41.885403,-87.663033,North Bound: 10400 / South Bound: 8400
09-12-2020,35500,41.884983,-87.676739,East Bound: 7900 / West Bound: 7600
9/13/2020,33200,41.932527,-87.756461,North Bound: 6700 / South Bound: 6500
9/14/2020,3000,41.91094,-87.755711,North Bound: 4400 / South Bound: 4600
9/15/2020,37100,41.810881,-87.655209,East Bound: 18400 / West Bound: 18700
9/16/2020,33300,41.923882,-87.77227,North Bound: 16400 / South Bound: 16900
9/17/2020,32100,41.809086,-87.712401,North Bound: 6000 / South Bound: 6100
9/18/2020,37900,41.970422,-87.679234,East Bound: 9400 / West Bound: 8500
9/19/2020,38600,41.78018,-87.618854,East Bound: 14900 / West Bound: 13700
9/20/2020,37400,41.73604,-87.638359,West Bound: 7400/ Oneway West Bound 
9/21/2020,38200,41.87691,-87.628624,North Bound: 10100 / South Bound: 8100
9/22/2020,34500,41.88276,-87.676677,South Bound: 14500/ Oneway South Bound 
9/23/2020,36800,41.885107,-87.630954,East Bound: 8600 / West Bound: 8200
9/24/2020,34500,41.722916,-87.538794,East Bound: 16800 / West Bound: 17700
9/25/2020,35000,41.95327,-87.759652,North Bound: 7700 / South Bound: 7300
9/26/2020,38000,41.876095,-87.710846,North Bound: 13800 / South Bound: 14200
9/27/2020,31200,41.844875,-87.675652,North Bound: 10600 / South Bound: 10600
9/28/2020,32328,41.775215,-87.575158,North Bound: 11100 / South Bound: 10100
9/29/2020,37600,41.8807,-87.636735,East Bound: 8800 / West Bound: 8800
9/30/2020,38200,41.771809,-87.694212,East Bound: 9200 / West Bound: 9000
10-01-2020,33200,41.902909,-87.698743,East Bound: 16600 / West Bound: 16600
10-02-2020,35400,41.867439,-87.625406,North Bound: 2500 / South Bound: 2900
10-03-2020,33400,41.690212,-87.672221,East Bound: 11400 / West Bound: 12000
10-04-2020,30200,41.968506,-87.702152,East Bound: 5500 / West Bound: 4700
10-05-2020,35400,41.9715,-87.771937,North Bound: 10900 / South Bound: 14500
10-06-2020,38473,41.877492,-87.764763,North Bound: 12800 / South Bound: 13800
10-07-2020,34800,41.875738,-87.764697,North Bound: 11900 / South Bound: 12900
10-08-2020,39500,41.896495,-87.775191,East Bound: 19300 / West Bound: 20200
10-09-2020,37500,41.791544,-87.586175,North Bound: 8900 / South Bound: 8600
10-10-2020,37900,41.870966,-87.735136,South Bound: 7900/ Oneway South Bound
10-11-2020,35700,41.811191,-87.622886,North Bound: 17600 / South Bound: 18100
10-12-2020,33200,41.712676,-87.68181,East Bound: 13200 / / Oneway East Bound
10/13/2020,37200,41.885733,-87.63502,East Bound: 3400 / West Bound: 3800
10/14/2020,33500,41.823805,-87.619176,North Bound: 1700 / South Bound: 1800
10/15/2020,37900,41.790122,-87.65963,East Bound: 4000 / West Bound: 3900
10/16/2020,34000,41.87831,-87.622407,North Bound: 21300 / South Bound: 22700
10/17/2020,34387,41.887944,-87.624537,North Bound: 9300 / South Bound: 10100
10/18/2020,33400,41.722735,-87.575361,North Bound: 6700 / South Bound: 6700
10/19/2020,36600,41.849394,-87.673525,North Bound: 7900 / South Bound: 8700
10/20/2020,34100,41.770409,-87.673671,East Bound: 11200 / West Bound: 12900
10/21/2020,34600,41.976215,-87.666782,North Bound: 15900 / South Bound: 18700
10/22/2020,34500,41.992273,-87.689704,North Bound: 7500 / / Oneway North Bound
10/23/2020,31600,41.745812,-87.624391,East Bound: 6100 / West Bound: 5500
10/24/2020,33900,41.9477,-87.646232,East Bound: 7400 / West Bound: 6500
10/25/2020,33700,41.742964,-87.671446,North Bound: 7200 / South Bound: 6500
10/26/2020,34527,41.797881,-87.606302,East Bound: 6600 / West Bound: 5300
10/27/2020,34800,41.909224,-87.734147,North Bound: 10400 / South Bound: 14400
10/28/2020,30600,41.892407,-87.765299,North Bound: 11200 / South Bound: 9400
10/29/2020,34700,41.865924,-87.624115,North Bound: 12800 / South Bound: 11900
10/30/2020,36400,41.852275,-87.675844,North Bound: 6400 / / Oneway North Bound
10/31/2020,34700,41.873569,-87.642397,North Bound: 22400 / South Bound: 22300
11-01-2020,34400,41.853135,-87.666031,North Bound: 6500 / South Bound: 7900
11-02-2020,30700,41.946769,-87.736449,East Bound: 10400 / West Bound: 10300
11-03-2020,32400,41.945317,-87.804172,East Bound: 7800 / West Bound: 4600
11-04-2020,33000,41.780078,-87.621062,North Bound: 7500 / South Bound: 5500
11-05-2020,37700,41.92351,-87.658394,North Bound: 3600 / South Bound: 4100
11-06-2020,31300,41.878543,-87.632267,North Bound: 6200 / South Bound: 5100
11-07-2020,31500,41.880487,-87.657103,East Bound: 11400 / West Bound: 10100
11-08-2020,36000,41.7348,-87.724651,East Bound: 16000 / / Oneway East Bound 
11-09-2020,32400,41.880605,-87.638285,North Bound: 5700 / South Bound: 6700
11-10-2020,32700,41.739269,-87.575753,East Bound: 12700 / / Oneway East Bound 
11-11-2020,31500,41.883218,-87.627549,North Bound: 11600 / South Bound: 9900
11-12-2020,36800,41.846235,-87.72462,North Bound: 3400 / South Bound: 3400
11/13/2020,39200,41.714883,-87.573706,North Bound: 10000 / South Bound: 9200
11/14/2020,36800,41.854103,-87.734588,East Bound: 2700 / West Bound: 4100
11/15/2020,32800,41.816301,-87.638721,North Bound: 6800 / South Bound: 6000
11/16/2020,30600,41.911246,-87.678799,North Bound: 19700 / South Bound: 20900
11/17/2020,38800,41.976269,-87.836617,East Bound: 4300 / West Bound: 4500
11/18/2020,39900,41.737414,-87.548768,East Bound: 10300 / West Bound: 9600
11/19/2020,31400,41.884434,-87.623595,North Bound: 9500 / South Bound: 11900
11/20/2020,32400,41.764407,-87.605533,North Bound: 16800 / South Bound: 15600
11/21/2020,35100,41.893685,-87.68678,North Bound: 17000 / South Bound: 18100
11/22/2020,31600,41.804938,-87.684364,North Bound: 11200 / South Bound: 10400
11/23/2020,36200,41.706839,-87.55965,East Bound: 14100 / West Bound: 12100
11/24/2020,37100,41.939165,-87.721399,North Bound: 14000 / South Bound: 13100
11/25/2020,37600,41.775834,-87.66412,East Bound: 9500 / West Bound: 8100
11/26/2020,32800,41.750534,-87.651099,East Bound: 9700 / West Bound: 13100
11/27/2020,33000,41.921271,-87.779472,East Bound: 16900 / West Bound: 16100
11/28/2020,35100,41.954273,-87.670146,West Bound: 5100/ Oneway West Bound 
11/29/2020,38900,41.879125,-87.652799,North Bound: 15200 / South Bound: 13700
11/30/2020,34300,41.939539,-87.8068,North Bound: 2600 / South Bound: 2700
12-01-2020,33900,41.687214,-87.627744,East Bound: 17200 / West Bound: 16700
12-02-2020,39000,41.721659,-87.628777,East Bound: 9300 / West Bound: 9700
12-03-2020,32100,41.706445,-87.677175,North Bound: 15500 / South Bound: 16600
12-04-2020,35600,41.993674,-87.670135,East Bound: 7800 / West Bound: 7800
12-05-2020,37300,41.880898,-87.712441,East Bound: 3800 / West Bound: 3500
12-06-2020,35900,41.744682,-87.549764,North Bound: 8000 / South Bound: 7900
12-07-2020,35600,41.924963,-87.756176,North Bound: 12900 / South Bound: 12700
12-08-2020,35900,41.820278,-87.684745,East Bound: 5900 / / Oneway East Bound
12-09-2020,36700,41.882936,-87.659747,East Bound: 3200 / West Bound: 3500
12-10-2020,36800,41.857573,-87.683337,East Bound: 7500 / West Bound: 9300
12-11-2020,36400,41.772885,-87.620079,East Bound: 8000 / West Bound: 8400
12-12-2020,36900,41.961351,-87.68578,North Bound: 8300 / South Bound: 8600
12/13/2020,32433,41.738019,-87.718381,East Bound: 8900 / West Bound: 10600
12/14/2020,36500,41.902958,-87.693225,East Bound: 7500 / West Bound: 9000
12/15/2020,35100,41.692822,-87.605505,North Bound: 8200 / South Bound: 6900
12/16/2020,32200,41.835106,-87.669954,North Bound: 21200 / South Bound: 21000
12/17/2020,39400,41.893982,-87.624231,North Bound: 19600 / South Bound: 19800
12/18/2020,37800,41.909315,-87.687195,North Bound: 18700 / South Bound: 19100
12/19/2020,35700,41.90128,-87.745946,East Bound: 10900 / West Bound: 14800
12/20/2020,35500,41.852872,-87.620534,South Bound: 15500/ Oneway South Bound 
12/21/2020,37000,41.881592,-87.630875,East Bound: 9100 / West Bound: 7900
12/22/2020,34400,41.830598,-87.657426,North Bound: 1800 / South Bound: 2600
12/23/2020,34500,41.658336,-87.547134,East Bound: 7200 / West Bound: 7300
12/24/2020,34900,41.982866,-87.724368,North Bound: 2800 / South Bound: 2100
12/25/2020,35400,41.720659,-87.628638,North Bound: 12500 / South Bound: 12900
12/26/2020,30500,41.839026,-87.704872,North Bound: 4900 / South Bound: 5600
12/27/2020,34300,41.732725,-87.55132,North Bound: 18200 / South Bound: 16100
12/28/2020,38500,41.7445,-87.663291,East Bound: 4000 / West Bound: 4500
12/29/2020,34100,41.801616,-87.6436,North Bound: 6600 / South Bound: 7500
12/30/2020,31100,41.90238,-87.66496,North Bound: 5400 / South Bound: 5700
12/31/2020,31300,41.743319,-87.547879,East Bound: 10300 / West Bound: 11000
01-01-2021,37300,41.786284,-87.700958,East Bound: 18400 / West Bound: 18900
01-02-2021,36100,41.909944,-87.720823,North Bound: 3800 / South Bound: 2300
01-03-2021,30900,41.85566,-87.62228,South Bound: 10900/ Oneway South Bound 
01-04-2021,38900,41.879007,-87.626108,North Bound: 8000 / South Bound: 10900
01-05-2021,30900,41.838343,-87.623444,East Bound: 5100 / West Bound: 5800
01-06-2021,35300,41.699648,-87.641695,North Bound: 7900 / South Bound: 7400
01-07-2021,37000,41.829513,-87.646078,North Bound: 8900 / South Bound: 8100
01-08-2021,36300,41.940256,-87.678374,East Bound: 9200 / West Bound: 7100
01-09-2021,30200,41.793645,-87.609034,North Bound: 15100 / South Bound: 15100
01-10-2021,34900,41.762976,-87.702744,East Bound: 7300 / West Bound: 7600
01-11-2021,35500,41.771932,-87.686307,North Bound: 2500 / South Bound: 3000
01-12-2021,37600,41.744631,-87.658435,North Bound: 4000 / South Bound: 3600
1/13/2021,33700,41.932608,-87.736835,East Bound: 11200 / West Bound: 12500
1/14/2021,34400,41.975838,-87.696482,East Bound: 7900 / West Bound: 6500
1/15/2021,33100,41.78652,-87.596845,East Bound: 7100 / West Bound: 6000
1/16/2021,36800,41.91812,-87.652282,East Bound: 14200 / West Bound: 12600
1/17/2021,39300,41.903211,-87.67591,North Bound: 9200 / South Bound: 10100
1/18/2021,36500,41.987853,-87.846528,East Bound: 9900 / West Bound: 6600
1/19/2021,33600,41.702743,-87.537314,North Bound: 16200 / South Bound: 17400
1/20/2021,38702,41.874597,-87.676475,East Bound: 9000 / West Bound: 9800
1/21/2021,37500,41.836974,-87.719101,North Bound: 3400 / South Bound: 4100
1/22/2021,38200,41.962457,-87.654755,East Bound: 9100 / West Bound: 9100
1/23/2021,37200,41.777656,-87.782528,North Bound: 3500 / South Bound: 3700
1/24/2021,30400,41.800125,-87.596657,North Bound: 5100 / South Bound: 5300
1/25/2021,31700,42.016379,-87.699636,North Bound: 16800 / South Bound: 14900
1/26/2021,36000,41.879119,-87.666752,North Bound: 13800 / South Bound: 12200
1/27/2021,34200,41.770238,-87.702937,North Bound: 12100 / South Bound: 12100
1/28/2021,34300,41.878768,-87.725604,East Bound: 7400 / West Bound: 6900
1/29/2021,30900,41.975575,-87.797008,North Bound: 16500 / South Bound: 14400
1/30/2021,30600,41.735001,-87.643587,North Bound: 20900 / South Bound: 19700
1/31/2021,33100,41.940497,-87.746913,North Bound: 6800 / South Bound: 6300
02-01-2021,37400,41.720957,-87.560671,North Bound: 19300 / South Bound: 18100
02-02-2021,32500,41.934063,-87.668456,North Bound: 6300 / South Bound: 6200
02-03-2021,35000,41.764222,-87.566483,North Bound: 11600 / South Bound: 13400
02-04-2021,37700,41.925775,-87.766054,North Bound: 3900 / South Bound: 3800
02-05-2021,34400,41.798563,-87.654979,East Bound: 1000 / West Bound: 3400
02-06-2021,38600,41.802583,-87.583711,North Bound: 4000 / South Bound: 4600
02-07-2021,36100,42.010697,-87.772707,North Bound: 7800 / South Bound: 8300
02-08-2021,33600,41.948965,-87.649538,North Bound: 6500 / South Bound: 7100
02-09-2021,34800,41.873009,-87.630632,East Bound: 7500 / West Bound: 7300
02-10-2021,38200,41.923102,-87.7871,East Bound: 10200 / West Bound: 8000
02-11-2021,36000,41.917357,-87.710662,North Bound: 8100 / South Bound: 7900
02-12-2021,31500,41.690863,-87.540104,East Bound: 7600 / West Bound: 3900
2/13/2021,30100,41.873224,-87.741379,North Bound: 6700 / South Bound: 3400
2/14/2021,35300,41.833661,-87.626468,East Bound: 6200 / West Bound: 9100
2/15/2021,35700,41.809221,-87.626946,East Bound: 6500 / West Bound: 9200
2/16/2021,30200,41.795109,-87.59326,East Bound: 4300 / West Bound: 5900
2/17/2021,38700,41.877258,-87.712307,East Bound: 9200 / West Bound: 9500
2/18/2021,34000,41.939496,-87.684693,North Bound: 2300 / South Bound: 3700
2/19/2021,34700,41.739048,-87.658288,East Bound: 11200 / West Bound: 13500
2/20/2021,31100,41.880537,-87.741833,North Bound: 11600 / South Bound: 9500
2/21/2021,36700,41.955447,-87.727666,East Bound: 14500 / West Bound: 12200
2/22/2021,37100,41.968642,-87.687081,North Bound: 13500 / South Bound: 13600
2/23/2021,37700,41.991514,-87.754317,North Bound: 5200 / South Bound: 12500
2/24/2021,30400,41.90718,-87.634588,North Bound: 10200 / South Bound: 10200
2/25/2021,35700,41.876932,-87.647211,North Bound: 3500 / South Bound: 2200
2/26/2021,33300,41.912849,-87.638637,East Bound: 4300 / West Bound: 5000
2/27/2021,33200,41.756617,-87.613108,East Bound: 16000 / West Bound: 17200
2/28/2021,37400,41.793942,-87.671875,East Bound: 17400 / West Bound: 20000
03-01-2021,33700,41.735581,-87.679036,North Bound: 6400 / South Bound: 7300
03-02-2021,37200,41.710702,-87.654574,North Bound: 9100 / South Bound: 8100
03-03-2021,33400,41.794542,-87.607689,East Bound: 1700 / West Bound: 1700
03-04-2021,33900,41.878596,-87.685749,North Bound: 4300 / South Bound: 4600
03-05-2021,32500,41.903995,-87.711714,North Bound: 22300 / South Bound: 20200
03-06-2021,38200,41.870413,-87.666487,West Bound: 18200/ Oneway West Bound 
03-07-2021,35900,41.884431,-87.643422,North Bound: 7500 / South Bound: 8400
03-08-2021,34800,41.780847,-87.69344,North Bound: 3100 / South Bound: 3700
03-09-2021,36400,41.93136,-87.639326,North Bound: 16400 / / Oneway North Bound 
03-10-2021,30500,41.893431,-87.629699,East Bound: 9900 / West Bound: 10600
03-11-2021,39500,41.836814,-87.730379,North Bound: 9500 / South Bound: 10000
03-12-2021,35700,41.747333,-87.575907,North Bound: 19100 / South Bound: 16600
3/13/2021,44600,41.876934,-87.666676,East Bound: 3200 / West Bound: 3400
3/14/2021,42800,41.73739,-87.550512,East Bound: 4400 / West Bound: 8400
3/15/2021,44200,41.714033,-87.657301,West Bound: 4200/ Oneway West Bound 
3/16/2021,44700,41.81567,-87.686204,South Bound: 5700/ Oneway South Bound 
3/17/2021,49800,41.884822,-87.735612,East Bound: 9800 / West Bound: 10000
3/18/2021,47500,41.691591,-87.698873,East Bound: 13400 / West Bound: 14100
3/19/2021,44100,41.97567,-87.715464,East Bound: 8000 / West Bound: 6100
3/20/2021,48200,41.982088,-87.813919,North Bound: 9400 / South Bound: 8800
3/21/2021,40800,41.975635,-87.752372,South Bound: 10800/ Oneway South Bound 
3/22/2021,40600,41.795074,-87.622477,South Bound: 10600/ Oneway South Bound 
3/23/2021,44700,41.885249,-87.633916,North Bound: 9700 / / Oneway North Bound
3/24/2021,43100,41.875561,-87.635138,North Bound: 11600 / South Bound: 11500
3/25/2021,45600,41.838301,-87.626773,North Bound: 1600 / South Bound: 2000
3/26/2021,47300,41.762368,-87.649192,East Bound: 23400 / West Bound: 23900
3/27/2021,47000,41.953936,-87.70545,East Bound: 12100 / West Bound: 14900
3/28/2021,42600,41.946727,-87.69064,East Bound: 11200 / West Bound: 11400
3/29/2021,42700,41.997773,-87.805489,North Bound: 11100 / South Bound: 11600
3/30/2021,46700,41.94889,-87.727471,East Bound: 19500 / West Bound: 17200
3/31/2021,49379,41.794149,-87.633657,North Bound: 9800 / South Bound: 9400
04-01-2021,40000,41.785625,-87.586582,East Bound: 4800 / West Bound: 5200
04-02-2021,46700,41.837991,-87.650405,North Bound: 8600 / South Bound: 8100
04-03-2021,43700,41.946687,-87.75694,East Bound: 2600 / West Bound: 11100
04-04-2021,48500,41.844657,-87.697733,East Bound: 4000 / West Bound: 4500
04-05-2021,45900,41.899222,-87.703584,East Bound: 3500 / West Bound: 4400
04-06-2021,43200,41.874043,-87.676455,North Bound: 2100 / South Bound: 2100
04-07-2021,45300,41.711118,-87.536485,North Bound: 11800 / South Bound: 13500
04-08-2021,49200,41.824905,-87.694671,North Bound: 14600 / South Bound: 14600
04-09-2021,49389,41.809606,-87.704033,South Bound: 11500/ Oneway South Bound
04-10-2021,47900,41.880534,-87.64115,North Bound: 19000 / South Bound: 18900
04-11-2021,44400,41.869368,-87.620509,East Bound: 6900 / West Bound: 7500
04-12-2021,41600,41.838289,-87.627562,East Bound: 10400 / West Bound: 11200
4/13/2021,45100,41.765204,-87.644371,North Bound: 15100 / / Oneway North Bound 
4/14/2021,44700,41.876483,-87.629253,East Bound: 7500 / West Bound: 7200
4/15/2021,47500,41.852861,-87.624414,East Bound: 17000 / West Bound: 10500
4/16/2021,41200,41.93923,-87.716135,East Bound: 11300 / West Bound: 9900
4/17/2021,48700,41.777719,-87.778939,North Bound: 13700 / South Bound: 5000
4/18/2021,48700,41.875108,-87.735281,East Bound: 14300 / West Bound: 14400
4/19/2021,41400,41.795919,-87.761047,North Bound: 5600 / South Bound: 5800
4/20/2021,44700,42.000202,-87.699716,East Bound: 7100 / West Bound: 7600
4/21/2021,43300,41.809396,-87.615874,North Bound: 7100 / South Bound: 6200
4/22/2021,44800,41.849975,-87.64032,North Bound: 12000 / South Bound: 12800
4/23/2021,43900,41.886148,-87.725824,North Bound: 5300 / South Bound: 3600
4/24/2021,48400,41.942424,-87.659044,East Bound: 9100 / West Bound: 9300
4/25/2021,41100,41.743649,-87.624723,North Bound: 5300 / South Bound: 5800
4/26/2021,40300,41.706494,-87.613745,North Bound: 11400 / South Bound: 8900
4/27/2021,47100,41.885313,-87.676747,East Bound: 8100 / West Bound: 9000
4/28/2021,43800,41.896097,-87.665698,North Bound: 11100 / South Bound: 12700
4/29/2021,45300,41.884486,-87.637068,North Bound: 12100 / South Bound: 13200
4/30/2021,44100,41.982087,-87.846432,East Bound: 7200 / West Bound: 6900
05-01-2021,41500,41.885625,-87.649854,East Bound: 6000 / West Bound: 5500
05-02-2021,44200,41.6779,-87.63412,East Bound: 11800 / West Bound: 12400
05-03-2021,43000,41.945751,-87.778573,East Bound: 13000 / / Oneway East Bound 
05-04-2021,43000,41.880775,-87.626654,North Bound: 6900 / South Bound: 6100
05-05-2021,49300,41.738684,-87.551457,North Bound: 9200 / South Bound: 10100
05-06-2021,41800,41.731433,-87.575581,East Bound: 14200 / West Bound: 17600
05-07-2021,40200,41.706174,-87.702769,North Bound: 19800 / South Bound: 20400
05-08-2021,47600,41.926152,-87.668181,East Bound: 9400 / West Bound: 8200
05-09-2021,41400,41.750997,-87.621988,North Bound: 5400 / South Bound: 6000
05-10-2021,46300,41.987697,-87.699307,South Bound: 16300/ Oneway South Bound 
05-11-2021,42100,41.891353,-87.634063,North Bound: 12100 / / Oneway North Bound
05-12-2021,41700,41.881585,-87.639674,East Bound: 21600 / West Bound: 20100
5/13/2021,41300,41.90909,-87.789897,North Bound: 10600 / South Bound: 10700
5/14/2021,48700,41.743683,-87.702226,North Bound: 4400 / South Bound: 4300
5/15/2021,45200,41.92249,-87.663226,East Bound: 18500 / West Bound: 16700
5/16/2021,44700,41.794069,-87.662159,East Bound: 6900 / West Bound: 7800
5/17/2021,49900,41.787062,-87.640752,North Bound: 5000 / South Bound: 4900
5/18/2021,48600,41.941149,-87.688219,East Bound: 5500 / West Bound: 3100
5/19/2021,42500,41.837896,-87.657173,North Bound: 7500 / South Bound: 5000
5/20/2021,40700,41.876982,-87.657007,North Bound: 6400 / South Bound: 4300
5/21/2021,40800,41.86852,-87.656729,East Bound: 10000 / West Bound: 10800
5/22/2021,45300,41.940016,-87.646727,North Bound: 18100 / South Bound: 17200
5/23/2021,42500,41.834882,-87.684561,North Bound: 11100 / South Bound: 11400
5/24/2021,48700,41.973131,-87.846512,North Bound: 20300 / South Bound: 18400
5/25/2021,4400,41.863688,-87.666307,East Bound: 4300 / West Bound: 4100
5/26/2021,49500,41.903955,-87.627809,North Bound: 5000 / South Bound: 4500
5/27/2021,43200,41.940796,-87.654132,East Bound: 15300 / West Bound: 17900
5/28/2021,43000,41.924697,-87.709117,East Bound: 7000 / / Oneway East Bound
5/29/2021,43900,41.882972,-87.689807,East Bound: 11900 / West Bound: 12000
5/30/2021,41500,41.862371,-87.692771,North Bound: 31300 / South Bound: 30200
5/31/2021,40300,41.740553,-87.58573,North Bound: 10200 / South Bound: 10100
06-01-2021,47400,41.760212,-87.673413,East Bound: 8700 / West Bound: 8700
06-02-2021,46700,41.905556,-87.724905,North Bound: 3300 / South Bound: 3400
06-03-2021,43300,41.690928,-87.610268,East Bound: 3000 / West Bound: 3300
06-04-2021,49900,41.684661,-87.670012,North Bound: 30400 / South Bound: 29500
06-05-2021,48400,41.779921,-87.74234,East Bound: 3600 / West Bound: 4800
06-06-2021,45500,41.845685,-87.620482,East Bound: 5500 / / Oneway East Bound 
06-07-2021,48100,41.877595,-87.668568,East Bound: 13800 / West Bound: 14300
06-08-2021,46000,41.960698,-87.749607,North Bound: 13500 / South Bound: 12500
06-09-2021,44200,41.91366,-87.805925,North Bound: 11000 / South Bound: 13200
06-10-2021,47394,41.948239,-87.786356,East Bound: 12300 / West Bound: 9400
06-11-2021,42600,41.70726,-87.617296,East Bound: 6100 / West Bound: 6500
06-12-2021,43800,41.773084,-87.608939,North Bound: 6700 / South Bound: 7100
6/13/2021,47000,41.903687,-87.667,North Bound: 18300 / South Bound: 18700
6/14/2021,49300,41.881365,-87.745317,North Bound: 9300 / South Bound: 10000
6/15/2021,42200,41.737902,-87.575714,East Bound: 11200 / West Bound: 11000
6/16/2021,48400,41.946012,-87.754759,North Bound: 8400 / South Bound: 10000
6/17/2021,47400,41.909168,-87.755815,North Bound: 14200 / South Bound: 13200
6/18/2021,40700,41.793546,-87.762329,East Bound: 20400 / West Bound: 20300
6/19/2021,40700,41.875684,-87.626134,North Bound: 14100 / South Bound: 16600
6/20/2021,42800,41.911509,-87.667716,North Bound: 6400 / South Bound: 6400
6/21/2021,47700,41.980023,-87.699055,East Bound: 9200 / West Bound: 8500
6/22/2021,46400,41.917095,-87.732056,North Bound: 8100 / South Bound: 8300
6/23/2021,45900,41.756313,-87.552698,North Bound: 10900 / South Bound: 15000
6/24/2021,45700,41.986182,-87.660145,North Bound: 8100 / South Bound: 7600
6/25/2021,42300,41.872269,-87.710736,East Bound: 6700 / West Bound: 5600
6/26/2021,42500,41.741127,-87.545616,North Bound: 5800 / South Bound: 6700
6/27/2021,41400,41.710922,-87.60573,North Bound: 20200 / South Bound: 11200
6/28/2021,49600,41.873424,-87.627576,North Bound: 9600 / South Bound: 10000
6/29/2021,58100,41.94751,-87.71274,North Bound: 29000 / South Bound: 29100
6/30/2021,46483,41.778426,-87.800934,East Bound: 4600 / West Bound: 5200
07-01-2021,43100,41.823948,-87.607812,North Bound: 6600 / South Bound: 6500
07-02-2021,16300,41.859764,-87.65648,North Bound: 8600 / South Bound: 7700
07-03-2021,49383,41.739994,-87.569589,East Bound: 8500 / West Bound: 7600
07-04-2021,46600,41.758455,-87.612457,North Bound: 6700 / South Bound: 9900
07-05-2021,41800,41.778712,-87.69338,East Bound: 10800 / West Bound: 11000
07-06-2021,43500,41.946768,-87.6857,East Bound: 3600 / West Bound: 2900
07-07-2021,49800,41.983538,-87.665686,East Bound: 9500 / West Bound: 10300
07-08-2021,42800,41.809005,-87.637985,North Bound: 7300 / South Bound: 5500
07-09-2021,46300,41.853467,-87.630093,South Bound: 6300/ Oneway South Bound
07-10-2021,48200,41.873531,-87.643862,East Bound: 8400 / West Bound: 9800
07-11-2021,44200,41.90223,-87.75738,North Bound: 14900 / South Bound: 9300
07-12-2021,44100,41.876904,-87.627651,North Bound: 4500 / South Bound: 9600
7/13/2021,43100,41.902199,-87.631399,North Bound: 54200 / South Bound: 48900
7/14/2021,42600,41.797484,-87.580352,East Bound: 11500 / West Bound: 11100
7/15/2021,46600,41.865941,-87.741303,North Bound: 16600 / / Oneway North Bound
7/16/2021,47300,41.886932,-87.629531,East Bound: 9000 / West Bound: 8300
7/17/2021,42300,41.852464,-87.658227,East Bound: 11200 / West Bound: 11100
7/18/2021,45900,41.807974,-87.715402,East Bound: 2500 / West Bound: 3400
7/19/2021,48800,41.87438,-87.627297,East Bound: 8900 / West Bound: 9900
7/20/2021,47700,41.895673,-87.693867,North Bound: 4100 / South Bound: 3600
7/21/2021,49800,41.719732,-87.57529,North Bound: 10500 / South Bound: 9300
7/22/2021,41500,41.902872,-87.637416,North Bound: 11200 / South Bound: 10300
7/23/2021,41800,41.810903,-87.626128,East Bound: 17100 / West Bound: 14700
7/24/2021,40300,41.794746,-87.619558,East Bound: 15000 / West Bound: 15300
7/25/2021,45800,41.9237,-87.784023,East Bound: 7900 / West Bound: 7900
7/26/2021,40300,41.736013,-87.63131,North Bound: 9700 / South Bound: 10600
7/27/2021,45500,41.911962,-87.775313,East Bound: 13000 / West Bound: 12500
7/28/2021,41800,41.721037,-87.675323,North Bound: 800 / South Bound: 1000
7/29/2021,45100,41.838528,-87.662425,East Bound: 12200 / West Bound: 12900
7/30/2021,43300,41.659124,-87.612421,East Bound: 7100 / West Bound: 6200
7/31/2021,40300,41.677599,-87.656654,East Bound: 14300 / West Bound: 16000
08-01-2021,47800,41.807648,-87.741014,North Bound: 8700 / South Bound: 9100
08-02-2021,40500,41.760801,-87.605452,East Bound: 6000 / West Bound: 4500
08-03-2021,43000,41.881427,-87.668678,North Bound: 6300 / South Bound: 6700
08-04-2021,42300,41.910958,-87.785061,East Bound: 6000 / West Bound: 6300
08-05-2021,44500,41.822902,-87.688714,North Bound: 7200 / South Bound: 7300
08-06-2021,41600,41.931822,-87.648979,South Bound: 11600/ Oneway South Bound 
08-07-2021,47100,41.87909,-87.633752,North Bound: 7900 / South Bound: 9200
08-08-2021,45200,41.937284,-87.795671,East Bound: 8500 / West Bound: 6700
08-09-2021,45000,41.888169,-87.62409,East Bound: 10700 / West Bound: 4300
08-10-2021,47364,41.885725,-87.636864,East Bound: 9600 / West Bound: 9700
08-11-2021,42500,41.88074,-87.724539,North Bound: 6600 / South Bound: 5900
08-12-2021,44200,41.792127,-87.586689,North Bound: 2000 / South Bound: 2200
8/13/2021,48000,41.869272,-87.633488,East Bound: 8900 / West Bound: 9100
8/14/2021,43900,41.851632,-87.717386,East Bound: 1700 / West Bound: 2200
8/15/2021,40500,41.890069,-87.706392,North Bound: 4700 / South Bound: 5800
8/16/2021,47300,41.914325,-87.71182,East Bound: 8100 / West Bound: 9200
8/17/2021,43300,41.844137,-87.732725,East Bound: 16700 / West Bound: 16600
8/18/2021,48900,41.997401,-87.782852,North Bound: 4000 / South Bound: 4900
8/19/2021,40400,41.66836,-87.620176,North Bound: 33300 / South Bound: 27100
8/20/2021,44000,41.797723,-87.72329,North Bound: 16800 / South Bound: 17200
8/21/2021,49900,41.707206,-87.720975,North Bound: 9700 / South Bound: 10200
8/22/2021,49600,42.017888,-87.67569,North Bound: 10200 / South Bound: 9400
8/23/2021,49600,41.685379,-87.680954,North Bound: 10200 / South Bound: 9400
8/24/2021,44200,41.68508,-87.700584,East Bound: 10400 / West Bound: 13800
8/25/2021,44500,41.97636,-87.657362,North Bound: 6600 / South Bound: 7900
8/26/2021,49800,41.814852,-87.616741,East Bound: 15900 / West Bound: 13900
8/27/2021,49100,41.954295,-87.668734,North Bound: 3300 / South Bound: 5800
8/28/2021,43500,41.873661,-87.62598,East Bound: 8100 / West Bound: 5400
8/29/2021,44500,41.88085,-87.622687,North Bound: 7500 / South Bound: 7000
8/30/2021,19200,41.727211,-87.551189,East Bound: 9400 / West Bound: 9800
8/31/2021,49839,41.832267,-87.674585,North Bound: 7500 / South Bound: 7000
09-01-2021,40000,41.885154,-87.706241,North Bound: 10200 / South Bound: 9800
09-02-2021,44800,41.884845,-87.64745,North Bound: 7500 / South Bound: 7300
09-03-2021,45384,41.940326,-87.69968,North Bound: 36100 / South Bound: 34800
09-04-2021,44000,41.757869,-87.585712,North Bound: 22100 / South Bound: 21900
09-05-2021,42300,41.9329,-87.746649,East Bound: 12300 / / Oneway East Bound 
09-06-2021,44400,41.892579,-87.621433,East Bound: 17300 / West Bound: 17100
09-07-2021,44200,41.924561,-87.720455,North Bound: 7000 / South Bound: 7200
09-08-2021,46800,41.807987,-87.606532,North Bound: 13300 / South Bound: 13500
09-09-2021,44900,41.995915,-87.786522,North Bound: 4900 / / Oneway North Bound
09-10-2021,41300,41.728281,-87.623913,East Bound: 10800 / West Bound: 10500
09-11-2021,48900,41.73606,-87.644455,East Bound: 14900 / West Bound: 14000
09-12-2021,46400,41.866765,-87.67545,West Bound: 16400/ Oneway West Bound
9/13/2021,42700,41.879377,-87.634436,East Bound: 12100 / West Bound: 10600
9/14/2021,42700,41.743578,-87.629307,East Bound: 11600 / West Bound: 11100
9/15/2021,46100,41.960389,-87.774207,North Bound: 16100 / / Oneway North Bound 
9/16/2021,47394,41.889784,-87.629599,East Bound: 9200 / West Bound: 7500
9/17/2021,48500,41.787229,-87.594821,East Bound: 8600 / West Bound: 9900
9/18/2021,47700,41.925567,-87.641535,North Bound: 8800 / South Bound: 8900
9/19/2021,40000,41.852259,-87.695456,North Bound: 10300 / South Bound: 9700
9/20/2021,47300,41.93822,-87.712455,West Bound: 800/ Oneway West Bound 
9/21/2021,45000,41.696116,-87.632637,North Bound: 6900 / South Bound: 8100
9/22/2021,45000,41.940356,-87.707649,East Bound: 3900 / West Bound: 4100
9/23/2021,40700,41.779852,-87.638388,North Bound: 19400 / South Bound: 21300
9/24/2021,48500,41.959095,-87.688615,North Bound: 19200 / South Bound: 19300
9/25/2021,42600,41.707611,-87.529702,East Bound: 11400 / West Bound: 11200
9/26/2021,40300,41.968165,-87.734816,North Bound: 4500 / South Bound: 5800
9/27/2021,44300,41.913289,-87.716646,West Bound: 14300/ Oneway West Bound
9/28/2021,40000,41.879353,-87.636437,East Bound: 10600 / West Bound: 9400
9/29/2021,59800,41.895439,-87.718427,East Bound: 15300 / West Bound: 14500
9/30/2021,52800,41.94665,-87.70393,East Bound: 6100 / West Bound: 16700
10-01-2021,55700,41.794804,-87.61571,East Bound: 3000 / West Bound: 2700
10-02-2021,55900,41.884246,-87.704407,East Bound: 6500 / West Bound: 9400
10-03-2021,50200,41.830843,-87.639107,North Bound: 9300 / South Bound: 10900
10-04-2021,54600,41.954748,-87.720647,East Bound: 12900 / West Bound: 11700
10-05-2021,50300,41.966293,-87.850072,North Bound: 4500 / South Bound: 5800
10-06-2021,55000,41.846067,-87.714837,North Bound: 7700 / South Bound: 7300
10-07-2021,56600,41.796466,-87.645213,East Bound: 14000 / West Bound: 12600
10-08-2021,58600,41.997323,-87.758573,North Bound: 9400 / South Bound: 9200
10-09-2021,56000,41.659854,-87.55928,North Bound: 18300 / South Bound: 17700
10-10-2021,50000,41.780774,-87.664249,North Bound: 20100 / South Bound: 19900
10-11-2021,52200,41.913995,-87.687313,East Bound: 5600 / West Bound: 6600
10-12-2021,55000,41.692731,-87.613734,North Bound: 16500 / South Bound: 18500
10/13/2021,55000,41.763965,-87.663752,North Bound: 13700 / South Bound: 11300
10/14/2021,54000,41.924943,-87.726783,North Bound: 1000 / South Bound: 1000
10/15/2021,52300,41.80202,-87.659934,East Bound: 6400 / West Bound: 5900
10/16/2021,51900,41.968461,-87.784013,North Bound: 24800 / South Bound: 17100
10/17/2021,54800,41.78592,-87.683819,West Bound: 3800/ Oneway West Bound 
10/18/2021,56100,41.879037,-87.658396,North Bound: 7500 / South Bound: 8600
10/19/2021,52500,42.004572,-87.818987,North Bound: 6300 / South Bound: 6200
10/20/2021,58700,41.956405,-87.678823,East Bound: 9700 / West Bound: 9000
10/21/2021,52100,41.931692,-87.734385,North Bound: 12400 / South Bound: 9700
10/22/2021,50500,41.920367,-87.677714,East Bound: 5100 / West Bound: 5400
10/23/2021,50200,41.881363,-87.714203,East Bound: 13100 / West Bound: 7100
10/24/2021,54100,41.785928,-87.723856,East Bound: 14400 / West Bound: 19700
10/25/2021,53800,41.721653,-87.629162,North Bound: 16600 / South Bound: 17200
10/26/2021,51800,41.945925,-87.668832,North Bound: 6000 / South Bound: 5800
10/27/2021,52800,41.744158,-87.653566,East Bound: 11400 / West Bound: 11400
10/28/2021,57900,41.771311,-87.727968,North Bound: 20800 / South Bound: 17100
10/29/2021,51600,41.719968,-87.643173,North Bound: 5900 / South Bound: 5700
10/30/2021,59300,41.698187,-87.608616,East Bound: 14000 / West Bound: 15300
10/31/2021,58800,41.902739,-87.718482,South Bound: 8800/ Oneway South Bound
11-01-2021,54100,41.879863,-87.644062,North Bound: 17100 / South Bound: 17000
11-02-2021,51200,41.986477,-87.689538,East Bound: 10200 / West Bound: 11000
11-03-2021,55700,41.880707,-87.727098,East Bound: 12900 / West Bound: 12800
11-04-2021,53800,41.793573,-87.77629,North Bound: 29200 / South Bound: 24600
11-05-2021,56500,41.787818,-87.577818,North Bound: 8500 / South Bound: 8000
11-06-2021,59600,41.925478,-87.702337,South Bound: 9600/ Oneway South Bound 
11-07-2021,54500,41.876452,-87.626044,East Bound: 7200 / West Bound: 7300
11-08-2021,58800,41.722917,-87.538618,North Bound: 9100 / South Bound: 9700
11-09-2021,55900,41.869233,-87.754655,North Bound: 7800 / South Bound: 8100
11-10-2021,53400,41.973886,-87.749542,East Bound: 5500 / West Bound: 7900
11-11-2021,53600,41.880108,-87.773266,East Bound: 12100 / West Bound: 11500
11-12-2021,58100,41.706389,-87.684155,North Bound: 8500 / South Bound: 9600
11/13/2021,51700,41.74028,-87.54538,North Bound: 5100 / South Bound: 6600
11/14/2021,56900,41.938295,-87.644341,East Bound: 3600 / West Bound: 3300
11/15/2021,57400,41.678058,-87.620552,North Bound: 7400 / / Oneway North Bound
11/16/2021,52300,41.832167,-87.621788,East Bound: 2300 / / Oneway East Bound
11/17/2021,50500,41.873649,-87.709133,North Bound: 10500 / South Bound: 10000
11/18/2021,54900,41.886224,-87.70135,North Bound: 7600 / South Bound: 7300
11/19/2021,56600,41.785746,-87.674075,North Bound: 18700 / South Bound: 17900
11/20/2021,53600,41.900187,-87.686957,East Bound: 10100 / West Bound: 13500
11/21/2021,58100,41.786225,-87.704698,North Bound: 9200 / South Bound: 8900
11/22/2021,57300,41.846463,-87.681163,East Bound: 9500 / West Bound: 7800
11/23/2021,55500,41.750449,-87.657022,North Bound: 8200 / South Bound: 7300
11/24/2021,56800,41.882384,-87.720836,North Bound: 4500 / South Bound: 2300
11/25/2021,51300,41.708489,-87.535287,North Bound: 9100 / South Bound: 12200
11/26/2021,59900,41.93269,-87.776018,East Bound: 15600 / West Bound: 14300
11/27/2021,53000,41.721622,-87.631298,North Bound: 5800 / South Bound: 7200
11/28/2021,59100,41.850595,-87.623745,North Bound: 20500 / South Bound: 18600
11/29/2021,57300,41.77249,-87.683456,North Bound: 13800 / South Bound: 13500
11/30/2021,59374,41.962267,-87.727863,East Bound: 4400 / West Bound: 5100
12-01-2021,55300,41.858949,-87.717426,East Bound: 4200 / West Bound: 4100
12-02-2021,53800,41.744615,-87.554455,North Bound: 5800 / South Bound: 8000
12-03-2021,52000,41.732854,-87.542962,North Bound: 14700 / South Bound: 17300
12-04-2021,53700,41.876142,-87.636377,North Bound: 13300 / South Bound: 10400
12-05-2021,56700,41.872493,-87.725399,East Bound: 37000 / West Bound: 39700
12-06-2021,52900,41.875606,-87.630878,East Bound: 11600 / West Bound: 11300
12-07-2021,56800,41.94592,-87.763269,East Bound: 9000 / West Bound: 7800
12-08-2021,58100,41.917591,-87.686072,North Bound: 3800 / South Bound: 4300
12-09-2021,50400,41.830389,-87.675279,North Bound: 9100 / South Bound: 11300
12-10-2021,52700,41.873368,-87.630642,North Bound: 6000 / South Bound: 6700
12-11-2021,57100,41.724444,-87.551124,North Bound: 2800 / South Bound: 4300
12-12-2021,51900,41.773651,-87.629987,East Bound: 11900 / / Oneway East Bound 
12/13/2021,53400,41.877989,-87.643682,North Bound: 11800 / South Bound: 11600
12/14/2021,53600,41.838385,-87.695058,East Bound: 6500 / West Bound: 7100
12/15/2021,56600,41.793359,-87.587904,North Bound: 18500 / South Bound: 18100
12/16/2021,58000,41.699963,-87.681415,South Bound: 8000/ Oneway South Bound
12/17/2021,55800,41.826807,-87.623149,East Bound: 8200 / West Bound: 7600
12/18/2021,59500,41.969057,-87.657171,North Bound: 10200 / South Bound: 9300
12/19/2021,55800,41.900935,-87.755742,East Bound: 2800 / West Bound: 2000
12/20/2021,54400,41.815847,-87.661488,East Bound: 4000 / West Bound: 5400
12/21/2021,50200,41.801921,-87.62744,East Bound: 9700 / West Bound: 10500
12/22/2021,54800,41.691285,-87.720316,East Bound: 12200 / West Bound: 12600
12/23/2021,56600,41.793556,-87.701352,North Bound: 3000 / South Bound: 3600
12/24/2021,50700,41.752036,-87.658628,North Bound: 4600 / South Bound: 6100
12/25/2021,59200,41.912883,-87.634765,North Bound: 19900 / South Bound: 19300
12/26/2021,54300,41.921642,-87.687537,North Bound: 8100 / South Bound: 6200
12/27/2021,56000,41.705358,-87.620496,East Bound: 6000 / / Oneway East Bound
12/28/2021,52800,41.882074,-87.687892,East Bound: 6200 / West Bound: 6600
12/29/2021,59800,41.899743,-87.66515,East Bound: 13300 / West Bound: 16500
12/30/2021,56800,41.691254,-87.724362,East Bound: 8400 / West Bound: 8400
12/31/2021,55300,41.917529,-87.692627,East Bound: 7700 / West Bound: 7600
01-01-2022,52200,41.772008,-87.679253,East Bound: 6400 / West Bound: 5800
01-02-2022,57800,41.902037,-87.772722,East Bound: 9900 / West Bound: 7900
01-03-2022,64859,41.983656,-87.658134,North Bound: 6800 / South Bound: 6700
01-04-2022,69000,41.912823,-87.755782,North Bound: 21100 / South Bound: 17900
01-05-2022,65500,41.893609,-87.63265,North Bound: 2900 / South Bound: 2600
01-06-2022,66600,41.805123,-87.596753,North Bound: 22700 / South Bound: 23900
01-07-2022,65100,41.750615,-87.721947,North Bound: 9100 / / Oneway North Bound
01-08-2022,69300,41.880549,-87.642619,North Bound: 15200 / South Bound: 14100
01-09-2022,65200,41.876934,-87.666676,South Bound: 5200/ Oneway South Bound 
01-10-2022,66500,41.782937,-87.622164,North Bound: 12600 / South Bound: 13900
01-11-2022,61000,41.931151,-87.726959,North Bound: 5300 / South Bound: 5700
01-12-2022,65200,41.780185,-87.654517,East Bound: 7100 / West Bound: 7100
1/13/2022,69404,41.809405,-87.615129,North Bound: 12600 / South Bound: 12300
1/14/2022,69100,41.958566,-87.767179,North Bound: 28800 / South Bound: 30300
1/15/2022,65300,41.752545,-87.741477,East Bound: 4500 / West Bound: 4800
1/16/2022,63100,41.845422,-87.6394,East Bound: 6300 / West Bound: 6800
1/17/2022,66600,41.758814,-87.581651,North Bound: 3400 / South Bound: 3200
1/18/2022,66900,41.802286,-87.603784,South Bound: 6900/ Oneway South Bound
1/19/2022,60100,41.8852,-87.641298,North Bound: 5500 / South Bound: 4600
1/20/2022,63100,41.948385,-87.647898,North Bound: 6900 / South Bound: 6200
1/21/2022,66400,41.876736,-87.696174,North Bound: 7800 / South Bound: 8600
1/22/2022,64900,41.923528,-87.667066,East Bound: 3300 / West Bound: 1600
1/23/2022,67700,41.823134,-87.605367,East Bound: 4600 / West Bound: 3100
1/24/2022,60800,41.691858,-87.539118,East Bound: 10500 / West Bound: 10300
1/25/2022,61400,41.967757,-87.764167,East Bound: 9800 / West Bound: 11600
1/26/2022,68300,41.895151,-87.737793,North Bound: 3900 / South Bound: 4400
1/27/2022,60300,41.755798,-87.55646,East Bound: 9000 / West Bound: 11300
1/28/2022,68400,41.866377,-87.708143,East Bound: 9000 / West Bound: 9400
1/29/2022,66300,41.844328,-87.718582,East Bound: 12500 / West Bound: 13800
1/30/2022,68000,41.808188,-87.699833,East Bound: 8200 / West Bound: 9800
1/31/2022,65800,41.743855,-87.612049,East Bound: 13000 / West Bound: 12800
02-01-2022,61500,41.960111,-87.790501,East Bound: 5300 / West Bound: 6200
02-02-2022,65200,41.852265,-87.669817,East Bound: 4500 / West Bound: 4700
02-03-2022,69700,41.773298,-87.589932,North Bound: 9500 / South Bound: 10200
02-04-2022,65600,41.887471,-87.628001,North Bound: 7300 / South Bound: 8300
02-05-2022,68900,41.825982,-87.617039,North Bound: 9400 / South Bound: 9500
02-06-2022,64600,41.760689,-87.615174,East Bound: 11600 / West Bound: 13000
02-07-2022,61800,41.975186,-87.760787,East Bound: 5800 / West Bound: 6000
02-08-2022,66600,41.881668,-87.718383,East Bound: 8000 / West Bound: 8600
02-09-2022,62100,41.939113,-87.725535,East Bound: 15300 / West Bound: 16800
02-10-2022,61600,41.722499,-87.572943,East Bound: 15300 / West Bound: 16300
02-11-2022,68800,41.721119,-87.669564,North Bound: 9600 / South Bound: 9200
02-12-2022,69000,41.859378,-87.676043,North Bound: 15100 / South Bound: 13900
2/13/2022,67400,41.741618,-87.64378,East Bound: 9000 / West Bound: 8400
2/14/2022,65100,41.895971,-87.67335,South Bound: 2100/ Oneway South Bound 
2/15/2022,69500,41.876358,-87.631755,North Bound: 10300 / South Bound: 9200
2/16/2022,67100,41.9588,-87.776967,East Bound: 17500 / West Bound: 19600
2/17/2022,69900,41.953576,-87.734092,East Bound: 9400 / West Bound: 10500
2/18/2022,67400,41.772514,-87.641987,East Bound: 19700 / West Bound: 17700
2/19/2022,66700,41.924266,-87.74431,East Bound: 8100 / West Bound: 8600
2/20/2022,69400,41.961614,-87.667445,North Bound: 19100 / South Bound: 20300
2/21/2022,61400,41.946244,-87.836483,North Bound: 11100 / South Bound: 10300
2/22/2022,60800,41.893745,-87.70215,North Bound: 10600 / South Bound: 10200
2/23/2022,65300,41.80897,-87.694224,East Bound: 2400 / West Bound: 2900
2/24/2022,65400,41.87389,-87.686234,North Bound: 2500 / South Bound: 2900
2/25/2022,67800,41.864029,-87.656597,North Bound: 7800 / / Oneway North Bound 
2/26/2022,62500,41.873925,-87.62919,North Bound: 6300 / South Bound: 6200
2/27/2022,66000,41.720798,-87.650838,East Bound: 7800 / West Bound: 8200
2/28/2022,67200,41.808649,-87.661622,East Bound: 8800 / West Bound: 8400
03-01-2022,68300,41.809607,-87.599776,East Bound: 9000 / West Bound: 9300
03-02-2022,61300,41.765644,-87.618476,East Bound: 500 / West Bound: 800
03-03-2022,62500,41.743472,-87.550548,North Bound: 24700 / South Bound: 27800
03-04-2022,66500,41.769698,-87.586238,North Bound: 2600 / South Bound: 3900
03-05-2022,60400,41.971671,-87.650428,North Bound: 10200 / South Bound: 10200
03-06-2022,60300,41.911538,-87.765585,North Bound: 10100 / South Bound: 10200
03-07-2022,62700,41.719205,-87.662247,East Bound: 11900 / West Bound: 10800
03-08-2022,65500,41.869995,-87.679727,North Bound: 7500 / South Bound: 8000
03-09-2022,65800,41.878056,-87.706035,East Bound: 6300 / West Bound: 9500
03-10-2022,65000,41.852881,-87.622835,North Bound: 3300 / South Bound: 3700
03-11-2022,67800,41.677875,-87.671582,North Bound: 13600 / South Bound: 14200
03-12-2022,69300,41.807818,-87.714468,East Bound: 10000 / West Bound: 9300
3/13/2022,67800,41.996885,-87.8202,East Bound: 10200 / West Bound: 7600
3/14/2022,64000,41.707533,-87.600985,East Bound: 12100 / West Bound: 11900
3/15/2022,69400,41.778674,-87.721655,North Bound: 9800 / South Bound: 9600
3/16/2022,63000,41.821807,-87.616942,North Bound: 6200 / South Bound: 6800
3/17/2022,66900,41.955468,-87.651123,East Bound: 8000 / West Bound: 8900
3/18/2022,62100,41.902686,-87.724565,East Bound: 16600 / West Bound: 15500
3/19/2022,63500,41.988761,-87.854842,North Bound: 12300 / South Bound: 11200
3/20/2022,68100,41.881938,-87.725706,North Bound: 19400 / South Bound: 18700
3/21/2022,64900,41.903947,-87.687051,North Bound: 7400 / South Bound: 7500
3/22/2022,62300,41.892841,-87.706475,East Bound: 6500 / West Bound: 5800
3/23/2022,65300,41.988619,-87.812789,East Bound: 17000 / West Bound: 18300
3/24/2022,61400,41.953095,-87.773638,East Bound: 5600 / West Bound: 5800
3/25/2022,69900,41.887117,-87.753983,North Bound: 4900 / South Bound: 5000
3/26/2022,67100,41.984243,-87.784632,East Bound: 13600 / West Bound: 13500
3/27/2022,68500,41.997256,-87.724713,North Bound: 10900 / South Bound: 7600
3/28/2022,66800,41.854398,-87.627117,North Bound: 16800 / / Oneway North Bound
3/29/2022,65500,41.884874,-87.635389,North Bound: 8100 / South Bound: 7400
3/30/2022,66600,41.966963,-87.708429,North Bound: 7800 / South Bound: 8800
3/31/2022,65356,41.739248,-87.54536,North Bound: 11800 / South Bound: 13500
04-01-2022,64800,41.87346,-87.647091,North Bound: 8500 / South Bound: 6300
04-02-2022,66700,41.855964,-87.630176,North Bound: 8200 / South Bound: 8500
04-03-2022,68200,41.988233,-87.822826,East Bound: 13900 / West Bound: 14300
04-04-2022,66400,41.86686,-87.668106,East Bound: 8500 / West Bound: 7900
04-05-2022,65300,41.947284,-87.651946,North Bound: 21600 / South Bound: 23700
04-06-2022,63000,41.948031,-87.688293,East Bound: 11700 / West Bound: 11300
04-07-2022,60200,41.896651,-87.630189,North Bound: 10600 / South Bound: 9600
04-08-2022,60200,41.852808,-87.724789,East Bound: 10300 / West Bound: 9900
04-09-2022,66800,41.801077,-87.688258,North Bound: 12600 / South Bound: 14200
04-10-2022,60700,41.954774,-87.78662,North Bound: 9800 / South Bound: 10900
04-11-2022,61800,41.962045,-87.786866,North Bound: 11100 / South Bound: 10700
04-12-2022,65700,41.836451,-87.626742,North Bound: 23900 / South Bound: 21800
4/13/2022,68500,41.806868,-87.723555,West Bound: 18500/ Oneway West Bound 
